[{"model": "auth.user", "pk": 1, "fields": {"password": "pbkdf2_sha256$1200000$xUAE3ZG05YBRFEym7f17xq$2ZvsqLv2idcQrGa9QrZGQk2FVlRpPR/C39NzEi3QTPo=", "last_login": "2026-03-16T09:59:25.384Z", "is_superuser": true, "username": "admin", "first_name": "", "last_name": "", "email": "seenu_cp24@yahoo.com", "is_staff": true, "is_active": true, "date_joined": "2026-03-09T08:39:59.651Z", "groups": [], "user_permissions": []}}, {"model": "auth.user", "pk": 2, "fields": {"password": "pbkdf2_sha256$1200000$pNSfknDoXUMVBFJBCaCD5T$yGHULJaWp+mXP4tqPAC2eW8Tv0BFXtoVI1pvvjcB294=", "last_login": "2026-03-17T08:44:47.942Z", "is_superuser": false, "username": "reporter1", "first_name": "", "last_name": "", "email": "", "is_staff": true, "is_active": true, "date_joined": "2026-03-09T08:43:21Z", "groups": [], "user_permissions": []}}, {"model": "auth.user", "pk": 3, "fields": {"password": "pbkdf2_sha256$1200000$uWRGxIj2zsRT9lTQdsKAwg$6kd6olpd3i1Rf1OzVg9ZLfFUearPkJq7pDSpPuYwyoE=", "last_login": "2026-03-17T07:43:29.419Z", "is_superuser": false, "username": "subeditor1", "first_name": "", "last_name": "", "email": "", "is_staff": false, "is_active": true, "date_joined": "2026-03-09T08:46:24.782Z", "groups": [], "user_permissions": []}}, {"model": "auth.user", "pk": 4, "fields": {"password": "pbkdf2_sha256$1200000$gk7f3pPJKxsvmjuyR1dzF4$h18HOooduM6kh5jFTIYnhr5fuK15FR+jK2httU/9s4g=", "last_login": "2026-03-17T08:49:27.527Z", "is_superuser": false, "username": "editor1", "first_name": "", "last_name": "", "email": "", "is_staff": false, "is_active": true, "date_joined": "2026-03-09T08:46:45.281Z", "groups": [], "user_permissions": []}}, {"model": "auth.user", "pk": 5, "fields": {"password": "pbkdf2_sha256$1200000$Q5kqeHM5P2nFzP53Ysu149$cdRs3WjgMI5uT8GHNrbEMHeN0ajzGK4z4SAV+aGVF3w=", "last_login": "2026-03-17T06:16:54.605Z", "is_superuser": false, "username": "paginator1", "first_name": "", "last_name": "", "email": "", "is_staff": false, "is_active": true, "date_joined": "2026-03-09T08:47:21.417Z", "groups": [], "user_permissions": []}}, {"model": "auth.user", "pk": 6, "fields": {"password": "pbkdf2_sha256$1200000$TmM3ZcIw1HiZLkUqAawvkl$E7PjrQWd54xMTjSXhkqK82qH7ADKCwm63RpHQIQO8/U=", "last_login": "2026-03-13T11:58:14.444Z", "is_superuser": false, "username": "editor2", "first_name": "", "last_name": "", "email": "", "is_staff": false, "is_active": true, "date_joined": "2026-03-13T10:52:37.429Z", "groups": [], "user_permissions": []}}, {"model": "auth.user", "pk": 7, "fields": {"password": "pbkdf2_sha256$1200000$nHe0AQ5UjORUDVrj2xGSpg$IAfwggklh9g3+LLiB4gTyL9QemhykqrK4aufmM8VMVI=", "last_login": null, "is_superuser": false, "username": "reporter_ap_smart", "first_name": "", "last_name": "", "email": "", "is_staff": false, "is_active": true, "date_joined": "2026-03-14T05:20:23.711Z", "groups": [], "user_permissions": []}}, {"model": "auth.user", "pk": 8, "fields": {"password": "pbkdf2_sha256$1200000$N4wGbpaNjNT4acrRoq4866$MEHnNf9mNKt8vvxzCZJOLWKPHpPeEy/wzo27j0Bkjs0=", "last_login": "2026-03-17T08:07:18.872Z", "is_superuser": true, "username": "seenu", "first_name": "Sreenivas", "last_name": "", "email": "seenu_cp24@yahoo.com", "is_staff": true, "is_active": true, "date_joined": "2026-03-14T05:34:47Z", "groups": [], "user_permissions": []}}, {"model": "auth.user", "pk": 9, "fields": {"password": "pbkdf2_sha256$1200000$Yf1iRvxZmNe80eUy5Pjsns$zwifBw9VE7JK8R8LVSX2ZPUMTafzgaZ/bgOYVtsMVko=", "last_login": null, "is_superuser": false, "username": "reporter-smart", "first_name": "", "last_name": "", "email": "seenu_cp24@yahoo.com", "is_staff": false, "is_active": true, "date_joined": "2026-03-16T10:01:14.249Z", "groups": [], "user_permissions": []}}, {"model": "auth.user", "pk": 10, "fields": {"password": "pbkdf2_sha256$1200000$FoTew9NLYfqNB70SjmTwTJ$j6JBPU1KDDdMvuFRpgJ7UsvpBNXh87xd+0yhqOXRRNY=", "last_login": null, "is_superuser": false, "username": "reporter_smart", "first_name": "", "last_name": "", "email": "seenu_cp24@yahoo.com", "is_staff": false, "is_active": true, "date_joined": "2026-03-16T10:03:01.088Z", "groups": [], "user_permissions": []}}, {"model": "auth.user", "pk": 11, "fields": {"password": "pbkdf2_sha256$1200000$a89G7wH8BZHSnRUQNoSfUR$3Obp1mzgts9UQ0TkiAD4wNjHoeDSEPoZQkBmi3URr9k=", "last_login": "2026-03-17T08:17:29.934Z", "is_superuser": false, "username": "telanganaeditor", "first_name": "", "last_name": "", "email": "telanganaeditor@gmail.com", "is_staff": false, "is_active": true, "date_joined": "2026-03-17T08:08:50.386Z", "groups": [], "user_permissions": []}}, {"model": "accounts.role", "pk": 1, "fields": {"name": "Reporter"}}, {"model": "accounts.role", "pk": 2, "fields": {"name": "SubEditor"}}, {"model": "accounts.role", "pk": 3, "fields": {"name": "Editor"}}, {"model": "accounts.role", "pk": 4, "fields": {"name": "Paginator"}}, {"model": "accounts.userprofile", "pk": 1, "fields": {"user": 2, "edition": 2, "must_change_password": false, "roles": [1]}}, {"model": "accounts.userprofile", "pk": 2, "fields": {"user": 4, "edition": 2, "must_change_password": false, "roles": [2, 3]}}, {"model": "accounts.userprofile", "pk": 3, "fields": {"user": 5, "edition": 2, "must_change_password": false, "roles": [4]}}, {"model": "accounts.userprofile", "pk": 4, "fields": {"user": 3, "edition": 2, "must_change_password": false, "roles": [2]}}, {"model": "accounts.userprofile", "pk": 5, "fields": {"user": 6, "edition": 1, "must_change_password": false, "roles": [3]}}, {"model": "accounts.userprofile", "pk": 6, "fields": {"user": 7, "edition": 3, "must_change_password": false, "roles": [1, 2]}}, {"model": "accounts.userprofile", "pk": 7, "fields": {"user": 8, "edition": 2, "must_change_password": false, "roles": [1, 2, 3, 4]}}, {"model": "accounts.userprofile", "pk": 8, "fields": {"user": 11, "edition": 2, "must_change_password": false, "roles": [3]}}, {"model": "news.edition", "pk": 1, "fields": {"name": "Andhra Main", "total_pages": 12}}, {"model": "news.edition", "pk": 2, "fields": {"name": "Telangana Main", "total_pages": 12}}, {"model": "news.edition", "pk": 3, "fields": {"name": "AP Smart", "total_pages": 10}}, {"model": "news.edition", "pk": 4, "fields": {"name": "TS Smart", "total_pages": 10}}, {"model": "news.edition", "pk": 5, "fields": {"name": "Adilabad Tabloid", "total_pages": 16}}, {"model": "news.edition", "pk": 6, "fields": {"name": "Nizamabad Tabloid", "total_pages": 16}}, {"model": "news.edition", "pk": 7, "fields": {"name": "Karimnagar Tabloid", "total_pages": 16}}, {"model": "news.edition", "pk": 8, "fields": {"name": "Warangal Tabloid", "total_pages": 16}}, {"model": "news.edition", "pk": 9, "fields": {"name": "Khammam Tabloid", "total_pages": 16}}, {"model": "news.edition", "pk": 10, "fields": {"name": "Nalgonda Tabloid", "total_pages": 16}}, {"model": "news.edition", "pk": 11, "fields": {"name": "Hyderabad Tabloid", "total_pages": 20}}, {"model": "news.edition", "pk": 12, "fields": {"name": "Mahboob Nagar Tabloid", "total_pages": 16}}, {"model": "news.edition", "pk": 13, "fields": {"name": "Ranga Reddy Tabloid", "total_pages": 16}}, {"model": "news.edition", "pk": 14, "fields": {"name": "Medak Tabloid", "total_pages": 16}}, {"model": "news.edition", "pk": 15, "fields": {"name": "Srikakulam Tabloid", "total_pages": 16}}, {"model": "news.edition", "pk": 16, "fields": {"name": "Vijayanagaram Tabloid", "total_pages": 16}}, {"model": "news.edition", "pk": 17, "fields": {"name": "Visakhapatnam Tabloid", "total_pages": 16}}, {"model": "news.edition", "pk": 18, "fields": {"name": "East Godavari Tabloid", "total_pages": 16}}, {"model": "news.edition", "pk": 19, "fields": {"name": "West Godavari Tabloid", "total_pages": 16}}, {"model": "news.edition", "pk": 20, "fields": {"name": "Krishna Tabloid", "total_pages": 16}}, {"model": "news.edition", "pk": 21, "fields": {"name": "Guntur Tabloid", "total_pages": 16}}, {"model": "news.edition", "pk": 22, "fields": {"name": "Prakasam Tabloid", "total_pages": 16}}, {"model": "news.edition", "pk": 23, "fields": {"name": "Nellore Tabloid", "total_pages": 16}}, {"model": "news.edition", "pk": 24, "fields": {"name": "Chittoor Tabloid", "total_pages": 16}}, {"model": "news.edition", "pk": 25, "fields": {"name": "Kadapa Tabloid", "total_pages": 16}}, {"model": "news.edition", "pk": 26, "fields": {"name": "Ananthapuram Tabloid", "total_pages": 16}}, {"model": "news.edition", "pk": 27, "fields": {"name": "Kurnool Tabloid", "total_pages": 16}}, {"model": "news.category", "pk": 1, "fields": {"name": "Politics", "edition": 2}}, {"model": "news.category", "pk": 2, "fields": {"name": "Sports", "edition": null}}, {"model": "news.category", "pk": 3, "fields": {"name": "Business", "edition": 2}}, {"model": "news.category", "pk": 4, "fields": {"name": "Technology", "edition": 2}}, {"model": "news.category", "pk": 5, "fields": {"name": "Local", "edition": 2}}, {"model": "news.category", "pk": 6, "fields": {"name": "Sports", "edition": 2}}, {"model": "news.article", "pk": 1, "fields": {"title": "Heavy Rain in Hyderabad", "content": "Heavy rain in Hyderabad often leads to significant urban challenges, including waterlogging and traffic disruptions. While the IMD Met Centre Hyderabad reports no current heavy rain warnings as of March 9, 2026, the city frequently experiences intense downpours during the monsoon season. \r\nIMD\r\nIMD\r\n +2\r\nCommon Impact of Heavy Rain\r\nWaterlogging & Flooding: Low-lying areas such as Musarambagh, Puranapul, Chaderghat, and Ameerpet are highly susceptible to inundation during heavy spells.\r\nTraffic Disruptions: Roads in high-traffic zones like Hitech City, Gachibowli, Madhapur, and Kukatpally often experience severe gridlock and waterpooling.\r\nInfrastructure Stress: Intense rain can lead to the overflowing of the Moosi River and full tank levels in reservoirs like Hussainsagar, Himayat Sagar, and Osman Sagar.\r\nSafety Advisories: Authorities like Cyberabad Police and the Greater Hyderabad Municipal Corporation (GHMC) typically issue Work From Home (WFH) advisories and set up emergency control rooms during red or orange alerts. \r\nYouTube\r\nYouTube\r\n +7\r\nReasons for Frequent Urban Flooding\r\nDrainage Issues: Many rainwater drains are blocked by silt and plastic waste, preventing efficient water flow.\r\nEncroachments: Illegal constructions on natural water flow areas and the disappearance of historical lakes have reduced the city's natural drainage capacity.\r\nClimate & Urbanization: Increasing extreme weather events due to climate change combined with rapid concrete urbanization creates a \"heat island effect\" that can trigger intense local bursts. \r\nReddit\r\nReddit\r\n +2\r\nSafety Tips for Citizens\r\nAvoid Travel: Stay indoors during peak downpours and avoid low-lying areas or open drains.\r\nHome Maintenance: Clean your gutters, seal roof leaks, and keep emergency kits (food, water, flashlights) ready.\r\nStay Informed: Follow official updates from the IMD and local police social media channels for real-time alerts. \r\nFacebook\r\nFacebook\r\n +4\r\nAre you looking for current weather updates, historical data on a specific flood event, or perhaps creative writing material about the rain in Hyderabad?", "category": 5, "edition": null, "reporter": 2, "received_from_edition": false, "status": "published", "page_number": 2, "editor_comment": null, "edition_date": null, "created_at": "2026-03-09T08:55:29.455Z", "updated_at": "2026-03-10T07:09:04.263Z"}}, {"model": "news.article", "pk": 2, "fields": {"title": "Heavy Rain in Hyderabad - Seenu", "content": "Rain caused flooding", "category": 5, "edition": null, "reporter": 2, "received_from_edition": false, "status": "published", "page_number": 3, "editor_comment": null, "edition_date": null, "created_at": "2026-03-09T10:01:20.776Z", "updated_at": "2026-03-09T10:35:55.091Z"}}, {"model": "news.article", "pk": 3, "fields": {"title": "Flood in Hyderabad-1", "content": "Heavy rain caused flooding", "category": 5, "edition": null, "reporter": 2, "received_from_edition": false, "status": "published", "page_number": 1, "editor_comment": null, "edition_date": null, "created_at": "2026-03-10T06:35:41.368Z", "updated_at": "2026-03-10T07:09:03.297Z"}}, {"model": "news.article", "pk": 4, "fields": {"title": "Heavy Rains in Hyderabad", "content": "It is heavily raining in Hyderabad", "category": 5, "edition": null, "reporter": 2, "received_from_edition": false, "status": "published", "page_number": 1, "editor_comment": null, "edition_date": null, "created_at": "2026-03-10T06:58:21.394Z", "updated_at": "2026-03-10T07:08:59.582Z"}}, {"model": "news.article", "pk": 5, "fields": {"title": "This is a test Article", "content": "This is a test Article. It is found heavy rains in Hyderabad. People are struggling like anything. Some places people are struggling for food. Some places few charities are supplying the food packets to the needy. Roads are filled with flooded water.", "category": 5, "edition": null, "reporter": 2, "received_from_edition": false, "status": "editor_approved", "page_number": 6, "editor_comment": null, "edition_date": null, "created_at": "2026-03-10T07:31:28.943Z", "updated_at": "2026-03-10T08:54:31.360Z"}}, {"model": "news.article", "pk": 6, "fields": {"title": "Rains update in Hyderabad", "content": "It is found heavy rains in Hyderabad. Water is heavily floating on the roads.", "category": 5, "edition": null, "reporter": 2, "received_from_edition": false, "status": "editor_approved", "page_number": 3, "editor_comment": null, "edition_date": null, "created_at": "2026-03-10T07:38:07.783Z", "updated_at": "2026-03-10T07:46:10.803Z"}}, {"model": "news.article", "pk": 7, "fields": {"title": "More Rains in Hyderabad", "content": "Hyderabad is flooded with heavy rains, all the roads are filled with drainage water. People are not coming out of their houses. Government is declared holidays for Schools.", "category": 5, "edition": null, "reporter": 2, "received_from_edition": false, "status": "editor_approved", "page_number": 5, "editor_comment": null, "edition_date": null, "created_at": "2026-03-10T07:44:25.391Z", "updated_at": "2026-03-10T07:46:04.556Z"}}, {"model": "news.article", "pk": 8, "fields": {"title": "Test", "content": "Test aritcle. This is for editors review. Eidtors review1", "category": 5, "edition": null, "reporter": 2, "received_from_edition": false, "status": "editor_approved", "page_number": 7, "editor_comment": null, "edition_date": null, "created_at": "2026-03-10T09:10:59.689Z", "updated_at": "2026-03-10T09:12:33.458Z"}}, {"model": "news.article", "pk": 9, "fields": {"title": "Test2", "content": "This is a test article , filed by the reporter. Now this is edited and submitted to Editor's review. This is 1st edit", "category": 5, "edition": null, "reporter": 2, "received_from_edition": false, "status": "editor_approved", "page_number": 4, "editor_comment": null, "edition_date": null, "created_at": "2026-03-10T09:26:48.772Z", "updated_at": "2026-03-10T10:41:01.412Z"}}, {"model": "news.article", "pk": 10, "fields": {"title": "Test Article - 3", "content": "This is a test article for Sub Editor's review. It is Edited by the Sub Editor and sending to Editor's approval. This is updated. This was properly edited and sending for your Approval.", "category": 5, "edition": null, "reporter": 2, "received_from_edition": false, "status": "editor_approved", "page_number": 7, "editor_comment": "Please check and edit properly", "edition_date": null, "created_at": "2026-03-10T10:00:40.109Z", "updated_at": "2026-03-11T09:33:03.438Z"}}, {"model": "news.article", "pk": 11, "fields": {"title": "Test Article - 4", "content": "This is a test article for Sub Editors review. THIS IS EDITED AND SUBMITING TO EDITORS APPROVAL. This is approved.", "category": 5, "edition": null, "reporter": 2, "received_from_edition": false, "status": "editor_approved", "page_number": 5, "editor_comment": null, "edition_date": null, "created_at": "2026-03-10T10:22:33.261Z", "updated_at": "2026-03-10T10:26:34.755Z"}}, {"model": "news.article", "pk": 12, "fields": {"title": "BRS | స్పీకర్ నిర్ణయంపై కేటీఆర్ ట్వీట్", "content": "ఆంధ్రప్రభ, వెబ్ డెస్క్ : పార్టీ ఫిరాయింపు ఎమ్మెల్యేలు దానం నాగేందర్, కడియం శ్రీహరిలకు స్పీకర్ గడ్డం ప్రసాద్ కుమార్ క్లీన్ చిట్ ఇవ్వడంపై బీఆర్ఎస్ వర్కింగ్ ప్రెసిడెంట్ కేటీఆర్ స్పందించారు. ఇది చీకటి రోజు అన్నారు.\r\nఇది ప్రజాస్వామ్యంపై బహిరంగ దాడి అన్నారు. బీఆర్ఎస్ బీఫామ్ మీద ఎమ్మెల్యేగా గెలిచి, కాంగ్రెస్ పార్టీ బీఫామ్ మీద ఎంపీగా పోటీ చేసిన వ్యక్తికే క్లీన్ చిట్ ఇవ్వడం అంటే ప్రజల తీర్పును అవమానించడమేనన్నారు. స్పీకర్ పార్టీ ఫిరాయింపులను ప్రోత్సహిస్తున్నారన్నారు. ఇది కేవలం ఒక తీర్పు కాదు… అధికారంలో ఉన్నవారికి అనుకూలంగా రాజ్యాంగ వ్యవస్థలను ఉపయోగించడమన్నారు. తెలంగాణ ప్రజలు అన్నీ గమనిస్తున్నారు, సరైన సమయంలో సమాధానం చెబుతారని కేటీఆర్ అన్నారు.", "category": 1, "edition": null, "reporter": 2, "received_from_edition": false, "status": "editor_approved", "page_number": 1, "editor_comment": null, "edition_date": null, "created_at": "2026-03-11T06:08:37.470Z", "updated_at": "2026-03-11T06:11:55.356Z"}}, {"model": "news.article", "pk": 13, "fields": {"title": "Telangana | క్లీన్ చిట్ ఇచ్చిన స్పీక‌ర్", "content": "ఆంధ్రప్రభ, వెబ్ డెస్క్ : తెలంగాణ రాజకీయ వర్గాల్లో గత కొంతకాలంగా సాగుతున్న ఉత్కంఠకు తెరపడింది. పార్టీ ఫిరాయింపు ఎమ్మెల్యేల కేసులో స్పీకర్ గడ్డం ప్రసాద్ సంచలన తీర్పు వెల్లడించారు. రాజకీయ ఉత్కంఠకు తెరదించుతూ ఎమ్మెల్యేలు దానం నాగేందర్, కడియం శ్రీహరిలకు క్లీన్ చిట్ ఇచ్చారు.\r\nఎమ్మెల్యేలు దానం నాగేందర్, కడియం శ్రీహరిలు పార్టీ మారారు అనడానికి సరైన ఆధారాలు లేవని స్పీకర్ గడ్డం ప్రసాద్ ప్రకటించారు. దీంతో ఇప్పటివరకు పార్టీ ఫిరాయింపు ఆరోపణలు ఎదుర్కొన్న 10మంది ఎమ్మెల్యేలకు స్పీకర్ క్లీన్ చిట్ ఇచ్చారు. ఇంతటితో స్పీకర్ పరిధిలో ఉన్న ఎమ్మెల్యేల ఫిరాయింపుల కేసుకు తెరపడింది.\r\nకాగా, పార్టీ ఫిరాయింపుల కేసులో ఇప్పటికే ఈ కేసులో ఎనిమిది మంది ఎమ్మెల్యేలకు స్పీకర్ క్లీన్ చిట్ ఇచ్చిన సంగతి తెలిసిందే. రేపటి వరకు ఫిరాయింపు కేసులో ఏదో ఒకటి తేల్చాలని గతంలో సుప్రీంకోర్టు గడువు విధించింది. సుప్రీంకోర్టు డెడ్ లైన్ నేపథ్యంలో ఇవాళ‌ స్పీకర్ ఈ తీర్పును వెల్లడించారు.", "category": 1, "edition": null, "reporter": 2, "received_from_edition": false, "status": "editor_approved", "page_number": 2, "editor_comment": null, "edition_date": null, "created_at": "2026-03-11T06:22:28.972Z", "updated_at": "2026-03-11T06:23:31.852Z"}}, {"model": "news.article", "pk": 14, "fields": {"title": "Heavy Rain Causes Severe Traffic Jams and Waterlogging in Hyderabad", "content": "Heavy rain lashed Hyderabad city on Monday, causing severe traffic jams and waterlogging in many areas. Residents are facing significant difficulties as flooded roads disrupt daily activities.", "category": 1, "edition": null, "reporter": 3, "received_from_edition": false, "status": "subeditor_review", "page_number": null, "editor_comment": null, "edition_date": null, "created_at": "2026-03-12T07:12:30.283Z", "updated_at": "2026-03-12T07:35:26.782Z"}}, {"model": "news.article", "pk": 15, "fields": {"title": "Excise CI's Husband Commits Suicide in Telangana Amid Harassment and Legal Disputes", "content": "ఆంధ్రప్రభ, వెబ్ డెస్క్: తెలంగాణలోని నేరేడ్‌మెట్‌లో ఎక్సైజ్ సీఐ జ్యోతి భర్త శ్రీనివాస్ ఆత్మహత్య చేసుకున్న ఘటన చోటుచేసుకుంది. పోలీసులు తెలిపిన వివరాల ప్రకారం, హైదరాబాద్ పరిధిలోని నేరేడ్‌మెట్ లక్ష్మీనగర్‌లో నివసించే నగెల్లి శ్రీనివాస్ (41) ప్రైవేట్ ఉద్యోగిగా పనిచేస్తున్నాడు. అతని స్వగ్రామం మంచిర్యాల జిల్లా మందమర్రి మండలం రామకృష్ణాపూర్. శ్రీనివాస్ 2012లో సట్లపల్లి జ్యోతిని వివాహం చేసుకున్నాడు. వీరికి ఒక కుమారుడు ఉన్నాడు.\r\nభార్య జ్యోతి గ్రూప్స్ పరీక్షలకు సిద్ధం కావడానికి శ్రీనివాస్ ప్రోత్సాహం అందించాడు. తర్వాత జ్యోతి ప్రభుత్వ ఉద్యోగం పొందింది మరియు ఎక్సైజ్ సీఐగా నియమితురాలైంది. అయితే, జ్యోతికి ఉద్యోగం వచ్చిన తర్వాత ఆమె భర్తను దూరంగా ఉంచడమే కాకుండా, శ్రీనివాస్ కుటుంబ సభ్యులపై వరకట్న వేధింపుల కేసు మరియు విడాకుల కేసు కూడా నమోదు చేసినట్లు సమాచారం.\r\nదీంతో గత నాలుగు నెలలుగా శ్రీనివాస్ భార్యకు దూరంగా ఉంటున్నాడు. కోర్టు కేసులు మరియు భార్య వేధింపుల కారణంగా తీవ్ర మనస్తాపానికి గురైన శ్రీనివాస్, “భార్య వేధింపులు, కేసుల కారణంగా ఆత్మహత్య చేసుకుంటున్నాను” అని సూసైడ్ నోట్ రాసి రాత్రి ఇంట్లో ఉరివేసుకుని ఆత్మహత్య చేసుకున్నాడు. శ్రీనివాస్ సోదరుడు శివకృష్ణ పోలీసులకు సమాచారం అందించారు. పోలీసులు ఘటన స్థలానికి చేరుకుని వివరాలు సేకరించారు. సోదరుడి ఫిర్యాదు మేరకు శ్రీనివాస్ భార్య జ్యోతి పై కేసు నమోదు చేసి దర్యాప్తు చేస్తున్నారు.", "category": 5, "edition": null, "reporter": 3, "received_from_edition": false, "status": "subeditor_review", "page_number": null, "editor_comment": null, "edition_date": null, "created_at": "2026-03-12T07:36:28.837Z", "updated_at": "2026-03-12T07:44:41.165Z"}}, {"model": "news.article", "pk": 16, "fields": {"title": "హైదరాబాద్‌లో భారీ వర్షాలతో రోడ్లు నీటమునిగిన పరిస్థితులు; ట్రాఫిక్ అంతరాయాలు", "content": "**హైదరాబాద్‌లో భారీ వర్షాలు: రోడ్లు నీటమునిగిన పరిస్థితులు, ట్రాఫిక్ అంతరాయం**\r\n\r\nహైదరాబాద్ నగరంలో భారీ వర్షాలు కురిశాయి. దీంతో నగరంలోని అనేక రోడ్లు నీటమునిగిపోయి, సాధారణ ప్రయాణాలు తీవ్రంగా వ్యాధి పడ్డాయి. రహదారులు జలసమగ్రత కారణంగా ట్రాఫిక్ జాములు ఏర్పడుతున్నాయి.\r\n\r\nGHMC అధికారులు తక్షణమే అప్రమత్తమై, పరిస్థితులను సమర్థవంతంగా పరిష్కరించేందుకు చర్యలు చేపడుతున్నట్లు సమాచారం. ప్రయాణికులు సావధానంగా ఉండాలని అధికారులు సూచిస్తున్నారు.\r\n\r\nభారీ వర్షాలు మరిన్ని ఇబ్బందులకు కారణమవొచ్చు అని గుర్తుచేసుకుంటూ, ప్రజలను జాగ్రత్తగా ఉండాలని విజ్ఞప్తి చేశారు.", "category": 5, "edition": null, "reporter": 3, "received_from_edition": false, "status": "editor_approved", "page_number": 1, "editor_comment": null, "edition_date": null, "created_at": "2026-03-12T07:48:55.898Z", "updated_at": "2026-03-12T08:22:27.487Z"}}, {"model": "news.article", "pk": 17, "fields": {"title": "పెళ్లి వాహనం బోల్తా పడటంతో రెండు మంది మృతి: నిర్మల్‌లో దారుణ ప్రమాదం", "content": "**పెళ్లి వాహనం బోల్తా పడటం వల్ల ఇద్దరు మృతి**\r\n\r\nతెలంగాణ రాష్ట్రం, నిర్మల్ జిల్లా, కొండాపూర్: నిర్మల్ జిల్లా కొండాపూర్ ప్రాంతంలో ఒక విషాదకర సంఘటన చోటుచేసుకుంది. పెళ్లి వాహనం అదుపు తప్పి బోల్తాగా పడడంతో రెండు వ్యక్తులు మృతి చెందినట్లు తెలుస్తోంది.\r\n\r\nఈ ప్రమాదం జరిగిన చోటు సమీప ప్రాంతాల్లో పెద్ద కలకలం రేపింది. పోలీసులు మరియు రెస్క్యూ బృందాలు సంఘటన స్థలానికి చేరుకుని దర్యాప్తు ప్రారంభించి మరిన్ని వివరాలు సేకరిస్తున్నారు.\r\n\r\nపెళ్లి శుభకార్యానికి వచ్చిన ఈ ప్రమాదంలో మృతి చెందిన వారిని వారి కుటుంబాలకు ప్రగాఢ సానుభూతి తెలిపారు. అలాగే, సంఘటనా బాధితులకి అవసరమైన సహాయ చర్యలు చేయనున్నట్లు అధికారులు యోచిస్తున్నారు. ఈ ప్రమాదం ప్రజలలో రహదారి సురక్షతపై మళ్లీ ఆందోళన సంపూర్ణంగా కలిగించింది.\r\n\r\nప్రమాదానికి కారణమైన వాహన బోల్తా పడిన కారణాలు ఇంకా స్పష్టం కాలేదు. పోలీసులు ఉన్న వివరాలను మరింత సేకరించి దర్యాప్తును కొనసాగిస్తున్నారు.", "category": 5, "edition": null, "reporter": 2, "received_from_edition": false, "status": "submitted", "page_number": null, "editor_comment": null, "edition_date": null, "created_at": "2026-03-12T08:13:27.070Z", "updated_at": "2026-03-12T08:13:27.070Z"}}, {"model": "news.article", "pk": 18, "fields": {"title": "కల్వకుంట్ల కావిత దీక్ష: తెలంగాణ ప్రజల హక్కుల కోసం నాయకత్వ సంకల్పం", "content": "కల్వకుంట్ల కావిత పాటించిన దీక్ష: ప్రారంభం నుండి ముగింపు వరకు పూర్తి వివరాలు\r\n\r\nహైదరాబాద్: రాజకీయాల్లో తన ప్రస్థానానికి మరో ముసుగులు ఆవిష్కరించిన కల్వకుంట్ల కావిత ఇటీవల ఒక కీలక దీక్షను ప్రకటించారు. తెలంగాణ కాంగ్రెస్ పార్టీ నాయకురాలైన కావిత ఈ దీక్షకు సంబంధించిన కారణాలు, ప్రారంభం నుంచి ముగింపు వరకు జరిగిన అంశాలను పూర్తి వివరాలతో ప్రధానంగా సమీక్షించడం జరుగుతుంది.\r\n\r\nకావిత దీక్ష ప్రారంభంలో ముఖ్యంగా తెలంగాణ ప్రజల హక్కులు, రాష్ట్ర అభివృద్ధికి సంబంధించిన వివిధ సమస్యల పై ప్రభుత్వం దృష్టిని ఆకర్షించడమే లక్ష్యంగా నిరంతరం కృషి చేయడం గమనార్హం. దీక్ష ప్రారంభ సందర్భంలో, కావిత తన పార్టీ నేతలతో కలిసి స్థానిక ప్రజల సమస్యలను పరిశీలించి, ఆ సమస్యలపై పలు పఠన సమావేశాలను నిర్వహించారు.\r\n\r\nదీక్ష సందర్భంగా మీడియాతో మాట్లాడిన కావిత, ప్రజల సమస్యలను ప్రభుత్వం దృష్టిలోకి తీసుకోవడంలో నిర్లక్ష్యం అనుభవించడం తీవ్ర బాధాకరమని చెప్పి, తమ దీక్ష రాష్ట్ర ప్రభుత్వాన్ని జాగ్రత్తపరచుటకు ఉద్దేశించబడిందని స్పష్టం చేశారు. దీక్షలో ఆమె ప్రజాస్వామ్య విలువలను పెంపొందించడంలో నాయకత్వాన్ని కొనసాగించారు.\r\n\r\nదీక్ష ముగింపులో, కావిత సమర్థవంతమైన లక్ష్యాలను చేరుకోవడంలో భాగస్వామ్య భావనతో తదుపరి రాజకీయ చర్యలపై అనుభవాలను పంచుకుని, తెలంగాణ ప్రజల సంక్షేమానికి మరింత కృషి చేయడంలో తన సంకల్పాన్ని వ్యక్తపరచారు.\r\n\r\nఈ దీక్ష ద్వారా కల్వకుంట్ల కావిత వెంటనే రాజకీయ నాయకత్వాన్ని పుష్టి పరచుకొని, ప్రజల మధ్య తన వ్యక్తిగత గుర్తింపును మరింత బలపరచినట్లు విశ్లేషకులు పేర్కొంటున్నారు. దీక్ష ప్రారంభం నుండి ముగింపు వరకు ఈ కార్యక్రమం ప్రతిపక్ష వర్గాల에서도 విశేష దృష్టిని ఆకర్షించిందని తెలుస్తోంది.\r\n\r\n Telangana రాజకీయ వాతావరణంలో ఈ దీక్ష కొత్త చర్చలు, అభివృద్ధి అవకాశాలను తెచ్చి ఉంటుందని రాజకీయ విశ్లేషకులు భావిస్తున్నారు. మరింత సమాచారం కోసం కావిత మరియు ఆమె పార్టీ అధికారుల నుండి వచ్చే ప్రకటనలను సమీక్షించాల్సిన అవసరం ఉంది.", "category": 1, "edition": null, "reporter": 2, "received_from_edition": false, "status": "submitted", "page_number": null, "editor_comment": null, "edition_date": null, "created_at": "2026-03-12T08:19:35.570Z", "updated_at": "2026-03-12T08:19:35.570Z"}}, {"model": "news.article", "pk": 19, "fields": {"title": "నెట్‌ఫ్లిక్స్‌ను హైదరాబాద్కు ఆహ్వానిస్తున్నాం, హాలీవుడ్ నగరానికి సమానంగా మారుస్తాం : సీఎం రేవంత్‌ రెడ్డి", "content": " ఆంధ్రప్రభ, వెబ్ డెస్క్ : నెట్‌ఫ్లిక్స్‌ను హైదరాబాద్‌కు ఆహ్వానిస్తున్నామని సీఎం రేవంత్‌రెడ్డి అన్నారు. హైటెక్ సిటీలోని నెట్ ఫ్లిక్స్ కు చెందిన ఐలైన్ స్టూడియోస్ కార్యాలయాన్ని సీఎం రేవంత్ రెడ్డి అన్నారు. ఈసందర్భంగా ఆయన మాట్లాడుతూ… కాంగ్రెస్ ప్రభుత్వం అన్ని విధాలుగా సహకరిస్తుందన్నారు.\r\nతనకు బాల్యం నుంచే సినిమాలు అంటే ఇష్టమన్నారు. చెన్నై నుంచి హైదరాబాద్‌కు ఫిల్మ్‌ ఇండస్ట్రీని తీసుకువచ్చారన్నారు. నెట్‌ఫ్లిక్స్‌ హైదరాబాద్‌కు వచ్చిందంటే హాలీవుడ్ నగరానికి వచ్చినట్లేనన్నారు. నెట్‌ఫ్లిక్స్‌ కార్పొరేట్‌ ఆఫీస్‌కు భూమిని ఇవ్వాలని మంత్రిని ఆదేశిస్తున్నానన్నారు.", "category": 1, "edition": 2, "reporter": 2, "received_from_edition": false, "status": "editor_approved", "page_number": 1, "editor_comment": null, "edition_date": null, "created_at": "2026-03-12T10:44:12.795Z", "updated_at": "2026-03-12T10:49:19.256Z"}}, {"model": "news.article", "pk": 20, "fields": {"title": "రాహుల్‌గాంధీకి హరీశ్‌రావు లేఖ", "content": "ఆంధ్రప్రభ, వెబ్ డెస్క్ : కాంగ్రెస్ అగ్రనేత రాహుల్‌గాంధీకి మాజీ మంత్రి, బీఆర్ఎస్ ఎమ్మెల్యే హరీశ్‌రావు లేఖ రాశారు. పార్టీ ఫిరాయింపుల విషయంలో రాహుల్‌గాంధీ వైఖరిని ప్రశ్నిస్తూ ఆయన లేఖ రాశారు.\r\nపార్టీ ఫిరాయింపు నిరోధక చట్టాన్ని బలోపేతం చేస్తామన్నారు, ప్రజాస్వామ్య వ్యవస్థలను కాపాడతామని మేనిఫెస్టోలో చెప్పారని హరీశ్‌రావు ప్రశ్నించారు. రాహుల్‌గాంధీ రాజ్యాంగం చేతబట్టి దేశవ్యాప్తంగా నీతిసూత్రాలు చెప్తారు… కాంగ్రెస్ అధికారంలో ఉన్నతెలంగాణలో మాత్రం మరోలా వ్యవహరిస్తున్నారన్నారు.\r\nరాజ్యాంగాన్ని కాంగ్రెస్ పార్టీ రక్షించడమంటే ఇదేనా? అని హరీశ్‌రావు ప్రశ్నించారు. దేశవ్యాప్తంగా రాహుల్‌గాంధీ బోధించే రాజ్యాంగ నైతికత ఇదేనా?, ఫిరాయింపుల నిరోధకచట్టాన్ని అవకాశవాదం కోసం వాడుకుంటున్నారని హరీశ్‌రావు లేఖలో పేర్కొన్నారు.", "category": 1, "edition": 2, "reporter": 2, "received_from_edition": false, "status": "editor_approved", "page_number": 1, "editor_comment": null, "edition_date": "2026-03-13", "created_at": "2026-03-13T07:50:47.491Z", "updated_at": "2026-03-13T07:51:33.377Z"}}, {"model": "news.article", "pk": 21, "fields": {"title": "ఇరాక్ లో మ‌రో టెర్ర‌ర్", "content": "కుర్దిస్థాన్ శిక్ష‌ణ శిబిరంపై దాడి\r\nఫ్రెంచి అధికారి మృతి,\r\n6 సైనికుల‌కు తీవ్ర గాయాలు\r\n( ఆంధ్ర‌ప్ర‌భ. బాగ్దాద్ / పారిస్)\r\nఇరాక్ లో కుర్దిష్ పెష్మెర్గా దళాల కు యుద్ధ శిక్ష‌ణ శిబిరంపై డ్రోన్ దాడిలో ఓ ప్రెంచి అధికారి మృతి చెండాడు. ఆరుగురుగు ఫ్రెంచి సైనికులు తీవ్రంగా గాయ‌ప‌డ్డారు. అమెరికా, ఇజ్రాయెల్ జాయింట్ ఆప‌రేష‌న్ ఎథిక్ ఫ్యూరీ జ‌రుగుతున్న వేళ‌.. ఇరాక్ లో ఇత‌ర దేశాల సైనిక కార్య‌క‌లాపాల‌పై స్థానిక మిలీషియా క‌న్నెర్ర చేసింది.\r\nఈ కార‌ణంగానే ఉత్తర ఇరాక్‌లోని ఎర్బిల్‌ (Erbil) ప్రావిన్స్‌లోని ఒక సైనిక స్థావరంపై డ్రోన్‌ దాడి జరిగింది. కుర్దిష్ పెష్మెర్గా దళాలు, అంతర్జాతీయ సంకీర్ణ దళాలు (ఫ్రెంచ్ దళాలతో సహా) సంయుక్తంగా ప‌డుస్తున్న స్థావరాన్ని లక్ష్యంగా చేసుకుని ఈ దాడి జరిగింది. ఈ దాడిలో ఫ్రెంచ్ ఆర్మీ చీఫ్ వారెంట్ ఆఫీసర్ ఆర్నాడ్ ఫ్రియాన్ (Chief Warrant Officer Arnaud Frion) మరణించారు. 7వ బెటాలియన్ ఆఫ్ ఛాసియర్స్ ఆల్పిన్స్ (7th Battalion of Chasseurs Alpins) కు చెందిన అధికారిగా ఆయ‌న‌ను గుర్తించారు. ఈ దాడిలో మరో ఆరుగురు ఫ్రెంచ్ సైనికులు గాయపడ్డారు.\r\nఈ దాడిని ఇరాన్ అనుకూల మిలిటెంట్ గ్రూపులు (ప్రో-ఇరానియన్ ఫ్యాక్షన్స్) చేసినట్లు ఫ్రెంచ్ అధికారులు అనుమానిస్టున్నారు. ఇటీవల మధ్యప్రాచ్యంలో పెరుగుతున్న ఉద్రిక్తతలు, ముఖ్యంగా అమెరికా-ఇజ్రాయెల్ దళాలు ఇరాన్‌పై దాడులకు ప్రతిచర్యగా ఈ దాడులు జరుగుతున్నట్లు తెలుస్తోంది.\r\nఇరాక్ కేంద్రంగా పనిచేసే ‘అషాబ్ అల్-కాఫ్’ (Ashab Alkahf) అనే ప్రో-ఇరానియన్ గ్రూపు, ఈ ప్రాంతంలోని ఫ్రెంచ్ ప్రయోజనాలపై దాడులు చేస్తామని హెచ్చరించింది. ఇరాక్‌లో ‘ఆపరేషన్ షమ్మల్’ (Operation Chammal) లో భాగంగా ఇస్లామిక్ స్టేట్ (ISIS) కి వ్యతిరేకంగా పోరాడటానికి, స్థానిక దళాలకు శిక్షణ ఇవ్వడానికి ఫ్రెంచ్ ద‌ళాలు ఇక్కడ ప‌ని చేస్తున్నాయి. ఫ్రెంచ్ అధ్యక్షుడు ఇమ్మాన్యుయేల్ మాక్రాన్ ఈ దాడిని తీవ్రంగా ఖండించారు , ఇది “అంగీకరించలేనిది” అని ఆగ్ర‌హం వ్య‌క్తం చేశారు.", "category": 1, "edition": 2, "reporter": 4, "received_from_edition": false, "status": "editor_approved", "page_number": null, "editor_comment": null, "edition_date": "2026-03-13", "created_at": "2026-03-13T09:53:00.067Z", "updated_at": "2026-03-13T09:53:00.067Z"}}, {"model": "news.article", "pk": 22, "fields": {"title": "ఫర్టిలైజర్ షాపులను తనిఖీ చేసిన కలెక్టర్", "content": "వికారాబాద్, ఆంధ్రప్రభ : వికారాబాద్ జిల్లాలో రైతులకు ఎరువులు సమయానికి అందుబాటులో ఉండేలా ప్రభుత్వం ప్రవేశపెట్టిన యూరియా యాప్ అమలు తీరును జిల్లా కలెక్టర్ దీపక్ తివారి పరిశీలించారు.\r\nఈ సందర్భంగా జిల్లా వ్యవసాయ అధికారి రాజరత్నం, వ్యవసాయ శాఖ అసిస్టెంట్ డైరెక్టర్ వెంకటేశం, (టెక్నికల్) సుందీప్, మరియు మండల వ్యవసాయ అధికారి వికారాబాద్ శ్రీమతి జి. ప్రసన్న లక్ష్మి తదితర అధికారులు పాల్గొన్నారు.\r\nజిల్లాలో ఎరువుల నిల్వలు, సరఫరా మరియు రైతులకు విక్రయాల వివరాలను యూరియా యాప్ ద్వారా సమీక్షిస్తూ కలెక్టర్ పరిశీలన నిర్వహించారు. ఈ సందర్భంగా వికారాబాద్‌లోని లక్ష్మీనారాయణ ఏజెన్సీస్ మరియు గుల్షన్ బ్రదర్స్ ఎరువుల డీలర్ అవుట్‌లెట్లను కలెక్టర్ గారు సందర్శించి యూరియా నిల్వలు మరియు విక్రయాల నమోదును పరిశీలించారు\r\nయూరియా యాప్ ఎలా పనిచేస్తుంది ఎరువుల డీలర్లు తమ దుకాణాలలో ఉన్న యూరియా నిల్వలను యాప్‌లో నమోదు చేస్తారూ. రైతులకు విక్రయించే ప్రతి యూరియా సంచిని యాప్‌లో నమోదు చేయడం ద్వారా విక్రయాల వివరాలు నమోదు అవుతాయఈ సమాచారం జిల్లా మరియు రాష్ట్ర స్థాయి అధికారులకు తక్షణమే అందుబాటులో ఉంటుందిదీని ద్వారా ఎరువుల నిల్వలు, సరఫరా పరిస్థితులు మరియు పంపిణీపై సమర్థవంతమైన పర్యవేక్షణ జరుగుతుంది.\r\nఈ సందర్భంగా జిల్లా కలెక్టర్ దీపక్ తివారి మాట్లాడుతూ జిల్లాలో రైతులకు ఎలాంటి ఇబ్బందులు లేకుండా ఎరువుల సరిపడా నిల్వలు ఉండేలా అన్ని డీలర్లు మరియు వ్యవసాయ అధికారులు ప్రత్యేక దృష్టి పెట్టాలని ఆదేశించారు. ఎరువుల సరఫరా మరియు పంపిణీపై నిరంతరం పర్యవేక్షణ కొనసాగించాలని తెలిపారు. జిల్లాలో ఎరువుల అందుబాటుపై వ్యవసాయ శాఖ అధికారులు నిరంతరం పర్యవేక్షణ కొనసాగిస్తారని తెలిపారు.", "category": 5, "edition": 2, "reporter": 2, "received_from_edition": false, "status": "subeditor_review", "page_number": null, "editor_comment": null, "edition_date": "2026-03-13", "created_at": "2026-03-13T09:54:52.165Z", "updated_at": "2026-03-13T10:03:13.025Z"}}, {"model": "news.article", "pk": 23, "fields": {"title": "ఫర్టిలైజర్ షాపులను తనిఖీ చేసిన కలెక్టర్", "content": "వికారాబాద్, ఆంధ్రప్రభ : వికారాబాద్ జిల్లాలో రైతులకు ఎరువులు సమయానికి అందుబాటులో ఉండేలా ప్రభుత్వం ప్రవేశపెట్టిన యూరియా యాప్ అమలు తీరును జిల్లా కలెక్టర్ దీపక్ తివారి పరిశీలించారు.\r\nఈ సందర్భంగా జిల్లా వ్యవసాయ అధికారి రాజరత్నం, వ్యవసాయ శాఖ అసిస్టెంట్ డైరెక్టర్ వెంకటేశం, (టెక్నికల్) సుందీప్, మరియు మండల వ్యవసాయ అధికారి వికారాబాద్ శ్రీమతి జి. ప్రసన్న లక్ష్మి తదితర అధికారులు పాల్గొన్నారు.\r\nజిల్లాలో ఎరువుల నిల్వలు, సరఫరా మరియు రైతులకు విక్రయాల వివరాలను యూరియా యాప్ ద్వారా సమీక్షిస్తూ కలెక్టర్ పరిశీలన నిర్వహించారు. ఈ సందర్భంగా వికారాబాద్‌లోని లక్ష్మీనారాయణ ఏజెన్సీస్ మరియు గుల్షన్ బ్రదర్స్ ఎరువుల డీలర్ అవుట్‌లెట్లను కలెక్టర్ గారు సందర్శించి యూరియా నిల్వలు మరియు విక్రయాల నమోదును పరిశీలించారు\r\nయూరియా యాప్ ఎలా పనిచేస్తుంది ఎరువుల డీలర్లు తమ దుకాణాలలో ఉన్న యూరియా నిల్వలను యాప్‌లో నమోదు చేస్తారూ. రైతులకు విక్రయించే ప్రతి యూరియా సంచిని యాప్‌లో నమోదు చేయడం ద్వారా విక్రయాల వివరాలు నమోదు అవుతాయఈ సమాచారం జిల్లా మరియు రాష్ట్ర స్థాయి అధికారులకు తక్షణమే అందుబాటులో ఉంటుందిదీని ద్వారా ఎరువుల నిల్వలు, సరఫరా పరిస్థితులు మరియు పంపిణీపై సమర్థవంతమైన పర్యవేక్షణ జరుగుతుంది.\r\nఈ సందర్భంగా జిల్లా కలెక్టర్ దీపక్ తివారి మాట్లాడుతూ జిల్లాలో రైతులకు ఎలాంటి ఇబ్బందులు లేకుండా ఎరువుల సరిపడా నిల్వలు ఉండేలా అన్ని డీలర్లు మరియు వ్యవసాయ అధికారులు ప్రత్యేక దృష్టి పెట్టాలని ఆదేశించారు. ఎరువుల సరఫరా మరియు పంపిణీపై నిరంతరం పర్యవేక్షణ కొనసాగించాలని తెలిపారు. జిల్లాలో ఎరువుల అందుబాటుపై వ్యవసాయ శాఖ అధికారులు నిరంతరం పర్యవేక్షణ కొనసాగిస్తారని తెలిపారు.", "category": 5, "edition": 1, "reporter": 2, "received_from_edition": false, "status": "submitted", "page_number": null, "editor_comment": null, "edition_date": null, "created_at": "2026-03-13T10:17:46.573Z", "updated_at": "2026-03-13T10:17:46.573Z"}}, {"model": "news.article", "pk": 24, "fields": {"title": "ఫర్టిలైజర్ షాపులను తనిఖీ చేసిన కలెక్టర్", "content": "వికారాబాద్, ఆంధ్రప్రభ : వికారాబాద్ జిల్లాలో రైతులకు ఎరువులు సమయానికి అందుబాటులో ఉండేలా ప్రభుత్వం ప్రవేశపెట్టిన యూరియా యాప్ అమలు తీరును జిల్లా కలెక్టర్ దీపక్ తివారి పరిశీలించారు.\r\nఈ సందర్భంగా జిల్లా వ్యవసాయ అధికారి రాజరత్నం, వ్యవసాయ శాఖ అసిస్టెంట్ డైరెక్టర్ వెంకటేశం, (టెక్నికల్) సుందీప్, మరియు మండల వ్యవసాయ అధికారి వికారాబాద్ శ్రీమతి జి. ప్రసన్న లక్ష్మి తదితర అధికారులు పాల్గొన్నారు.\r\nజిల్లాలో ఎరువుల నిల్వలు, సరఫరా మరియు రైతులకు విక్రయాల వివరాలను యూరియా యాప్ ద్వారా సమీక్షిస్తూ కలెక్టర్ పరిశీలన నిర్వహించారు. ఈ సందర్భంగా వికారాబాద్‌లోని లక్ష్మీనారాయణ ఏజెన్సీస్ మరియు గుల్షన్ బ్రదర్స్ ఎరువుల డీలర్ అవుట్‌లెట్లను కలెక్టర్ గారు సందర్శించి యూరియా నిల్వలు మరియు విక్రయాల నమోదును పరిశీలించారు\r\nయూరియా యాప్ ఎలా పనిచేస్తుంది ఎరువుల డీలర్లు తమ దుకాణాలలో ఉన్న యూరియా నిల్వలను యాప్‌లో నమోదు చేస్తారూ. రైతులకు విక్రయించే ప్రతి యూరియా సంచిని యాప్‌లో నమోదు చేయడం ద్వారా విక్రయాల వివరాలు నమోదు అవుతాయఈ సమాచారం జిల్లా మరియు రాష్ట్ర స్థాయి అధికారులకు తక్షణమే అందుబాటులో ఉంటుందిదీని ద్వారా ఎరువుల నిల్వలు, సరఫరా పరిస్థితులు మరియు పంపిణీపై సమర్థవంతమైన పర్యవేక్షణ జరుగుతుంది.\r\nఈ సందర్భంగా జిల్లా కలెక్టర్ దీపక్ తివారి మాట్లాడుతూ జిల్లాలో రైతులకు ఎలాంటి ఇబ్బందులు లేకుండా ఎరువుల సరిపడా నిల్వలు ఉండేలా అన్ని డీలర్లు మరియు వ్యవసాయ అధికారులు ప్రత్యేక దృష్టి పెట్టాలని ఆదేశించారు. ఎరువుల సరఫరా మరియు పంపిణీపై నిరంతరం పర్యవేక్షణ కొనసాగించాలని తెలిపారు. జిల్లాలో ఎరువుల అందుబాటుపై వ్యవసాయ శాఖ అధికారులు నిరంతరం పర్యవేక్షణ కొనసాగిస్తారని తెలిపారు.", "category": 5, "edition": 3, "reporter": 2, "received_from_edition": false, "status": "submitted", "page_number": null, "editor_comment": null, "edition_date": null, "created_at": "2026-03-13T10:18:19.990Z", "updated_at": "2026-03-13T10:18:19.990Z"}}, {"model": "news.article", "pk": 25, "fields": {"title": "ఫర్టిలైజర్ షాపులను తనిఖీ చేసిన కలెక్టర్", "content": "వికారాబాద్, ఆంధ్రప్రభ : వికారాబాద్ జిల్లాలో రైతులకు ఎరువులు సమయానికి అందుబాటులో ఉండేలా ప్రభుత్వం ప్రవేశపెట్టిన యూరియా యాప్ అమలు తీరును జిల్లా కలెక్టర్ దీపక్ తివారి పరిశీలించారు.\r\nఈ సందర్భంగా జిల్లా వ్యవసాయ అధికారి రాజరత్నం, వ్యవసాయ శాఖ అసిస్టెంట్ డైరెక్టర్ వెంకటేశం, (టెక్నికల్) సుందీప్, మరియు మండల వ్యవసాయ అధికారి వికారాబాద్ శ్రీమతి జి. ప్రసన్న లక్ష్మి తదితర అధికారులు పాల్గొన్నారు.\r\nజిల్లాలో ఎరువుల నిల్వలు, సరఫరా మరియు రైతులకు విక్రయాల వివరాలను యూరియా యాప్ ద్వారా సమీక్షిస్తూ కలెక్టర్ పరిశీలన నిర్వహించారు. ఈ సందర్భంగా వికారాబాద్‌లోని లక్ష్మీనారాయణ ఏజెన్సీస్ మరియు గుల్షన్ బ్రదర్స్ ఎరువుల డీలర్ అవుట్‌లెట్లను కలెక్టర్ గారు సందర్శించి యూరియా నిల్వలు మరియు విక్రయాల నమోదును పరిశీలించారు\r\nయూరియా యాప్ ఎలా పనిచేస్తుంది ఎరువుల డీలర్లు తమ దుకాణాలలో ఉన్న యూరియా నిల్వలను యాప్‌లో నమోదు చేస్తారూ. రైతులకు విక్రయించే ప్రతి యూరియా సంచిని యాప్‌లో నమోదు చేయడం ద్వారా విక్రయాల వివరాలు నమోదు అవుతాయఈ సమాచారం జిల్లా మరియు రాష్ట్ర స్థాయి అధికారులకు తక్షణమే అందుబాటులో ఉంటుందిదీని ద్వారా ఎరువుల నిల్వలు, సరఫరా పరిస్థితులు మరియు పంపిణీపై సమర్థవంతమైన పర్యవేక్షణ జరుగుతుంది.\r\nఈ సందర్భంగా జిల్లా కలెక్టర్ దీపక్ తివారి మాట్లాడుతూ జిల్లాలో రైతులకు ఎలాంటి ఇబ్బందులు లేకుండా ఎరువుల సరిపడా నిల్వలు ఉండేలా అన్ని డీలర్లు మరియు వ్యవసాయ అధికారులు ప్రత్యేక దృష్టి పెట్టాలని ఆదేశించారు. ఎరువుల సరఫరా మరియు పంపిణీపై నిరంతరం పర్యవేక్షణ కొనసాగించాలని తెలిపారు. జిల్లాలో ఎరువుల అందుబాటుపై వ్యవసాయ శాఖ అధికారులు నిరంతరం పర్యవేక్షణ కొనసాగిస్తారని తెలిపారు.", "category": 5, "edition": 1, "reporter": 2, "received_from_edition": true, "status": "submitted", "page_number": null, "editor_comment": null, "edition_date": null, "created_at": "2026-03-13T10:54:54.130Z", "updated_at": "2026-03-13T10:54:54.130Z"}}, {"model": "news.article", "pk": 26, "fields": {"title": "This is a test Article", "content": "This is a test article created by editor.", "category": 1, "edition": 2, "reporter": 4, "received_from_edition": false, "status": "editor_approved", "page_number": null, "editor_comment": null, "edition_date": "2026-03-14", "created_at": "2026-03-14T20:24:34.606Z", "updated_at": "2026-03-14T20:24:34.606Z"}}, {"model": "news.article", "pk": 27, "fields": {"title": "test ariticle - 2", "content": "This is a test article created by sub editor", "category": 1, "edition": 2, "reporter": 3, "received_from_edition": false, "status": "editor_approved", "page_number": 1, "editor_comment": null, "edition_date": "2026-03-14", "created_at": "2026-03-14T20:32:13.994Z", "updated_at": "2026-03-14T20:53:02.435Z"}}, {"model": "news.article", "pk": 28, "fields": {"title": "test 3", "content": "This is a test article", "category": 1, "edition": 2, "reporter": 4, "received_from_edition": false, "status": "editor_approved", "page_number": null, "editor_comment": null, "edition_date": "2026-03-14", "created_at": "2026-03-14T20:55:05.850Z", "updated_at": "2026-03-14T20:55:05.850Z"}}, {"model": "news.article", "pk": 29, "fields": {"title": "Test article - 4", "content": "This is a test article from Reporter. Sending for editor's approval", "category": 1, "edition": 2, "reporter": 2, "received_from_edition": false, "status": "editor_sent_back", "page_number": null, "editor_comment": "Edit properly and send", "edition_date": "2026-03-14", "created_at": "2026-03-14T20:56:55.202Z", "updated_at": "2026-03-14T21:12:14.125Z"}}, {"model": "news.article", "pk": 30, "fields": {"title": "Test - 5", "content": "This is a test article by editor.", "category": 1, "edition": 2, "reporter": 4, "received_from_edition": false, "status": "editor_approved", "page_number": 2, "editor_comment": "check for updates", "edition_date": "2026-03-15", "created_at": "2026-03-14T21:30:44.500Z", "updated_at": "2026-03-14T21:32:30.456Z"}}, {"model": "news.article", "pk": 31, "fields": {"title": "యుద్ధ భయంలోనూ చైనా-ఇరాన్ చమురు సరఫరా అప్రమత్తంగా కొనసాగుతోంది", "content": "### చైనా నిర్లక్ష్యంగా.. ఇరాన్ చమురు సరఫరా ఆగడం లేదు\r\n\r\n**ప్రపంచం యుద్ధ భయంతో వణికిపోతున్నా, చైనా మాత్రం తన అవసరాల కోసం ఇరాన్ నుంచి చమురు దిగుమతులను నిరాటంకంగా కొనసాగిస్తోంది.**\r\nఇరాన్-చైనా మధ్య ముడి చమురు సరఫరా యుద్ధ పరిస్థితుల్లో కూడా ఆగలేదు. యుద్ధం ప్రారంభమైనప్పటి నుంచి ఇరాన్ సుమారు 11.7 మిలియన్ బారెళ్ల ముడి చమురును హర్మూజ్ జలసంధి ద్వారా విజయవంతంగా చైనాకు తరలించింది. ఈ సరఫరా అంతరాయం లేకుండా కొనసాగుతుండటంతో ఇరాన్‌కు భారీ ఆర్థిక లాభాలు లభిస్తున్నాయి. యుద్ధంలో ఉన్న ఇరాన్‌కు చమురు విక్రయాల ద్వారా వచ్చిన ఆదాయం ఆ దేశానికి అతిపెద్ద ఆర్థిక మద్దతుగా మారింది.\r\nప్రపంచంలో యుద్ధ పరిస్థితులు, ఆర్థికకణాలు ఉన్నా కూడా చైనా తన అవసరాలకు తగిన విధంగా చమురును సురక్షితంగా దిగుమతి చేసుకుంటోంది. హర్మూజ్ జలసంధి ద్వారా ఇరాన్ నుంచి చమురు సరఫరా కొనసాగుతుండటంతో చైనాకు ఇంధన కొరత ఎలాంటి ప్రభావం చూపడం లేదు. ఇదే సమయంలో యుద్ధంలో ఉన్న ఇరాన్‌కు డబ్బు ప్రవాహం కొనసాగుతోంది.\r\nప్రపంచవ్యాప్తంగా అనేక దేశాలు ఇరాన్‌పై ఆర్థికకణాలు విధిస్తున్నా, చైనా మాత్రం తన వ్యాపార ప్రయోజనాలను కొనసాగిస్తోంది. హర్మూజ్ జలసంధి ద్వారా జరిగే చమురు రవాణా అంతర్జాతీయ ప్రాముఖ్యతను కూడా ఇది హైలైట్ చేస్తోంది. గతంలో కూడా ఇరాన్-చైనా మధ్య ఇంధన సంబంధాలు బలంగా ఉన్నప్పటికీ, యుద్ధం నేపథ్యంలో ఇవి మరింత కీలకంగా మారాయి.\r\nమొత్తానికి, ప్రపంచం యుద్ధ భయంతో ఉక్కిరిబిక్కిరి అవుతున్నా, చైనా మాత్రం తన అవసరాలకు అనుగుణంగా ఇరాన్ నుంచి చమురును దిగుమతి చేసుకుంటూ, ఇరాన్‌కు కీలక ఆర్థిక మద్దతునిస్తూ ముందుకు సాగుతోంది.", "category": 1, "edition": 2, "reporter": 2, "received_from_edition": false, "status": "subeditor_review", "page_number": null, "editor_comment": "edit properly", "edition_date": "2026-03-17", "created_at": "2026-03-17T06:12:53.432Z", "updated_at": "2026-03-17T06:15:21.606Z"}}, {"model": "news.article", "pk": 32, "fields": {"title": "యుద్ధ భయంలోనూ చైనా-ఇరాన్ చమురు సరఫరా అప్రమత్తంగా కొనసాగుతోంది", "content": "### చైనా నిర్లక్ష్యంగా.. ఇరాన్ చమురు సరఫరా ఆగడం లేదు\r\n\r\n**ప్రపంచం యుద్ధ భయంతో వణికిపోతున్నా, చైనా మాత్రం తన అవసరాల కోసం ఇరాన్ నుంచి చమురు దిగుమతులను నిరాటంకంగా కొనసాగిస్తోంది.**\r\nఇరాన్-చైనా మధ్య ముడి చమురు సరఫరా యుద్ధ పరిస్థితుల్లో కూడా ఆగలేదు. యుద్ధం ప్రారంభమైనప్పటి నుంచి ఇరాన్ సుమారు 11.7 మిలియన్ బారెళ్ల ముడి చమురును హర్మూజ్ జలసంధి ద్వారా విజయవంతంగా చైనాకు తరలించింది. ఈ సరఫరా అంతరాయం లేకుండా కొనసాగుతుండటంతో ఇరాన్‌కు భారీ ఆర్థిక లాభాలు లభిస్తున్నాయి. యుద్ధంలో ఉన్న ఇరాన్‌కు చమురు విక్రయాల ద్వారా వచ్చిన ఆదాయం ఆ దేశానికి అతిపెద్ద ఆర్థిక మద్దతుగా మారింది.\r\nప్రపంచంలో యుద్ధ పరిస్థితులు, ఆర్థికకణాలు ఉన్నా కూడా చైనా తన అవసరాలకు తగిన విధంగా చమురును సురక్షితంగా దిగుమతి చేసుకుంటోంది. హర్మూజ్ జలసంధి ద్వారా ఇరాన్ నుంచి చమురు సరఫరా కొనసాగుతుండటంతో చైనాకు ఇంధన కొరత ఎలాంటి ప్రభావం చూపడం లేదు. ఇదే సమయంలో యుద్ధంలో ఉన్న ఇరాన్‌కు డబ్బు ప్రవాహం కొనసాగుతోంది.\r\nప్రపంచవ్యాప్తంగా అనేక దేశాలు ఇరాన్‌పై ఆర్థికకణాలు విధిస్తున్నా, చైనా మాత్రం తన వ్యాపార ప్రయోజనాలను కొనసాగిస్తోంది. హర్మూజ్ జలసంధి ద్వారా జరిగే చమురు రవాణా అంతర్జాతీయ ప్రాముఖ్యతను కూడా ఇది హైలైట్ చేస్తోంది. గతంలో కూడా ఇరాన్-చైనా మధ్య ఇంధన సంబంధాలు బలంగా ఉన్నప్పటికీ, యుద్ధం నేపథ్యంలో ఇవి మరింత కీలకంగా మారాయి.\r\nమొత్తానికి, ప్రపంచం యుద్ధ భయంతో ఉక్కిరిబిక్కిరి అవుతున్నా, చైనా మాత్రం తన అవసరాలకు అనుగుణంగా ఇరాన్ నుంచి చమురును దిగుమతి చేసుకుంటూ, ఇరాన్‌కు కీలక ఆర్థిక మద్దతునిస్తూ ముందుకు సాగుతోంది.", "category": 1, "edition": 1, "reporter": 2, "received_from_edition": true, "status": "submitted", "page_number": null, "editor_comment": null, "edition_date": "2026-03-17", "created_at": "2026-03-17T06:16:29.428Z", "updated_at": "2026-03-17T06:16:29.428Z"}}, {"model": "news.article", "pk": 33, "fields": {"title": "క్రికెట్ ఫ్యాన్స్‌లో భారీ ఉత్సాహం!", "content": "IPL2026 | ఐపీఎల్ 2026 ప్రారంభం… భారీ అంచనాలు\r\nస్టార్ ప్లేయర్ల పోరు… ఫ్యాన్స్‌లో ఎక్సైట్మెంట్\r\nఎమోషనల్ టచ్… ధోనీపై చర్చలు\r\nహై టెన్షన్ మ్యాచ్‌లు… షెడ్యూల్ స్పెషల్\r\nఆటగాళ్ల సన్నాహాలు… కఠిన పోటీకి రెడీ\r\nIPL2026 | ఆంధ్రప్రభ, వెబ్ డెస్క ;  క్రికెట్ అభిమానులు ఎంతోకాలంగా ఎదురు చూస్తున్న అత్యంత భారీ టోర్నీ Indian Premier League 2026 సీజన్‌కు రంగం సిద్ధమైంది. ఈసారి టోర్నీ మరింత ఉత్కంఠభరితంగా, హై వోల్టేజ్‌గా ఉండబోతోందనే అంచనాలు ఇప్పటికే కనిపిస్తున్నాయి. స్టేడియాల్లో హోరాహోరీ పోటీలు, అభిమానుల్లో పీక్ ఎక్సైట్మెంట్—ఈ రెండూ కలిసే ఈ సీజన్ ప్రత్యేకంగా మారబోతోంది.\r\n\r\nమార్చి 28 నుంచి ప్రారంభమయ్యే ఈ టోర్నీకి తొలి మ్యాచ్ నుంచే భారీ అంచనాలు నెలకొన్నాయి. స్టార్ ఆటగాళ్ల మధ్య పోటీ ఈసారి మరింత తీవ్రంగా ఉండబోతోంది. ముఖ్యంగా Virat Kohli ఫామ్, యువ ఆటగాళ్ల దూకుడు, కొత్త టాలెంట్ ప్రవేశం—all కలిసి ఈ సీజన్‌ను సూపర్ హిట్ చేసేలా కనిపిస్తున్నాయి.\r\nఅయితే మరోవైపు అభిమానుల్లో ఒక ఎమోషనల్ ఫీలింగ్ కూడా ఉంది. MS Dhoniకి ఇది చివరి ఐపీఎల్ కావొచ్చనే వార్తలు సోషల్ మీడియాలో భారీ చర్చకు దారి తీస్తున్నాయి. ఇది ఒకవైపు భావోద్వేగం, మరోవైపు ఎక్స్‌సైట్‌మెంట్ కలిగిస్తోంది.\r\n\r\nమ్యాచ్ షెడ్యూల్ కూడా ఈసారి ప్రత్యేకంగా ఉంది. కీలక జట్ల మధ్య ప్రారంభ దశలోనే హై టెన్షన్ మ్యాచ్‌లు ఉండటంతో ఫ్యాన్స్ ఒక్క మ్యాచ్ కూడా మిస్ అవ్వకూడదనుకుంటున్నారు. ప్రతి మ్యాచ్‌లో ట్విస్ట్‌లు, సర్ప్రైజ్ ఫలితాలు వచ్చే అవకాశం ఉండటంతో టోర్నీ మరింత అనిశ్చితంగా మారుతోంది.\r\n\r\nఆటగాళ్ల సన్నాహాలు చూస్తే ఈసారి పోటీ ఎంత కఠినంగా ఉంటుందో అర్థమవుతోంది. నెట్స్‌లో ఇంటెన్స్ ప్రాక్టీస్, ఫిట్‌నెస్‌పై ఫుల్ ఫోకస్, కొత్త స్ట్రాటజీలతో జట్లు రెడీ అవుతున్నాయి. కొన్ని జట్లు గాయాల సమస్యలతో ఆందోళనలో ఉన్నా, వాటిని అధిగమించేందుకు ప్రయత్నిస్తున్నాయి.\r\n\r\nమొత్తానికి IPL 2026 అంటే కేవలం క్రికెట్ టోర్నీ కాదు… ఇది ఒక భారీ ఎంటర్‌టైన్‌మెంట్ ఫెస్టివల్.\r\nస్టార్ పవర్, యువ ప్రతిభ, హై టెన్షన్ ఫినిష్‌లు—all కలిపి ఈసారి సీజన్‌ను అత్యంత థ్రిల్లింగ్‌గా మార్చబోతున్నాయి.", "category": 6, "edition": 2, "reporter": 2, "received_from_edition": false, "status": "editor_approved", "page_number": 1, "editor_comment": null, "edition_date": "2026-03-17", "created_at": "2026-03-17T07:39:50.050Z", "updated_at": "2026-03-17T08:36:39.058Z"}}, {"model": "news.article", "pk": 34, "fields": {"title": "పదేళ్లు బీఆర్ఎస్ ఏం చేసిందో చెప్పాలి", "content": "ఆంధ్రప్రభ, వెబ్ డెస్క్ : కాంగ్రెస్ ప్రభుత్వం వచ్చాక తెల్లరేషన్‌ కార్డులతో పాటు సన్నబియ్యం ఇస్తోందని మంత్రి కోమటిరెడ్డి వెంకట్ రెడ్డి అన్నారు. అసెంబ్లీలో ఆయన మాట్లాడుతూ… బీఆర్‌ఎస్‌ పదేళ్లు అధికారంలో ఉన్నా ఒక్క రేషన్‌ కార్డు ఇవ్వలేదన్నారు. రూ.20 వేల కోట్లతో యంగ్‌ ఇండియా స్కూళ్లు ఏర్పాటు చేస్తున్నామన్నారు.\r\n\r\nమహిళలకు ఆర్టీసీ బస్సుల్లో ఉచిత ప్రయాణానికి రూ.11వేల కోట్లు చెల్లించామన్నారు. గ్రామాల్లో ఇందిరమ్మ ఇళ్లు కడుతున్నందుకు ధన్యావాదాలు చెప్పాలన్నారు. బీఆర్‌ఎస్‌ హయాంలో చేసిన మంచి కార్యక్రమాలు ఒక్కటైనా చెప్పాలన్నారు. అప్పుల బారిన పడిన రాష్ట్రాన్ని క్రమంగా గాడిలో పెట్టేందుకు యత్నిస్తున్నామన్నారు. రెండున్నరేళ్లలో రూ.3.25 లక్షల కోట్ల బకాయిలు చెల్లించామన్నారు. గవర్నర్‌ ప్రసంగానికి ధన్యావాదాలు చెప్పాలని.. ప్రజలను మోసగించినందుకు బీఆర్ఎస్ పార్టీ వారు క్షమాపణలు చెప్పాలన్నారు.", "category": 1, "edition": 2, "reporter": 2, "received_from_edition": false, "status": "submitted", "page_number": null, "editor_comment": null, "edition_date": "2026-03-17", "created_at": "2026-03-17T07:41:26.499Z", "updated_at": "2026-03-17T07:41:26.499Z"}}, {"model": "news.article", "pk": 35, "fields": {"title": "వెనిజువెలా బంగారం అమెరికాకు… ట్రంప్ స్ట్రాటజీ వెనుక అసలు కథ ఏమిటి?", "content": "Trump&gold | వెనిజువెలా బంగారం డీల్… అసలు ఏమిటి?\r\nట్రంప్ వ్యూహం వెనుక గట్టి లెక్కలు\r\nబంగారం ధరలపై ప్రభావం ఉంటుందా?\r\nప్రజలకు లాభం ఎలా చేరుతుంది?\r\nTrump&gold | ఆంధ్రప్రభ, వెబ్ డెస్క ; ప్రపంచ రాజకీయాల్లో మరోసారి ఆసక్తికరమైన, ఉత్కంఠభరితమైన పరిణామం చోటుచేసుకుంది. ఆర్థికంగా సంక్షోభంలో ఉన్న Venezuela నుంచి బంగారం అమెరికాకు చేరడం ఇప్పుడు పెద్ద చర్చగా మారింది. ఈ వ్యవహారం వెనుక ఉన్న లెక్కలు ఏమిటి? ఇది నిజంగా ఒక పెద్ద ఆర్థిక అవకాశమా, లేక కేవలం వ్యూహాత్మక కదలిక మాత్రమేనా? అన్న సందేహాలు వ్యక్తమవుతున్నాయి.\r\n\r\nతాజా అంతర్జాతీయ నివేదికల ప్రకారం, వెనిజువెలా నుంచి అమెరికాకు మొదటి విడతగా సుమారు 100 మిలియన్ డాలర్ల విలువైన బంగారం చేరింది. ఈ సంఖ్య వినగానే చాలామందిలో ఆశ్చర్యం, ఆసక్తి పెరిగాయి. “ఇంత బంగారం వస్తే ధరలు పడిపోతాయా?” అన్న ప్రశ్న కూడా వెంటనే వినిపించింది.\r\nఈ మొత్తం వ్యవహారంలో కీలక పాత్ర పోషిస్తున్నది Donald Trump. ఆయన తీసుకున్న ఈ నిర్ణయం వెనుక గట్టి వ్యూహం, దూరదృష్టి ఉన్నట్లు విశ్లేషకులు చెబుతున్నారు. ఇది ప్రజలకు బంగారం పంచే సెన్సేషనల్ స్కీమ్ కాదు. అసలు లక్ష్యం అమెరికా పరిశ్రమలకు అవసరమైన వనరులను భద్రపరచడం, ఆర్థిక వ్యవస్థను బలపరచడం.\r\n\r\nసాధారణంగా అనుకునేలా ఈ బంగారం మార్కెట్‌లోకి విరివిగా వచ్చి ధరలను కుదించే పరిస్థితి కనిపించడం లేదు. ప్రపంచ బంగారం మార్కెట్ ఎంతో పెద్దది. ఇలాంటి డీల్‌లు అందులో చిన్న భాగం మాత్రమే. ధరలను ప్రభావితం చేసేది డిమాండ్, డాలర్ విలువ, అంతర్జాతీయ పరిస్థితులు. కాబట్టి ధరలు ఒక్కసారిగా పడిపోతాయని భావించడం ఒక అతిశయోక్తిగానే కనిపిస్తోంది.\r\n\r\nఇక ప్రజల కోణంలో చూస్తే— ఈ బంగారం నేరుగా చేతికి రాకపోయినా, పరోక్షంగా మాత్రం ప్రయోజనం ఉండొచ్చు. పరిశ్రమలు బలపడితే ఆర్థిక వ్యవస్థకు శక్తివంతమైన ఊతం లభిస్తుంది. పెట్టుబడులు, ఉద్యోగ అవకాశాలు పెరిగే అవకాశం ఉంటుంది. అంటే ఇది కనిపించని కానీ ప్రభావవంతమైన లాభం.\r\n\r\nరాజకీయ కోణంలో చూస్తే ఈ పరిణామం మరింత ఆసక్తికరంగా ఉంటుంది. ప్రపంచ వనరులపై పట్టు సాధించేందుకు దేశాలు ఎలా తీవ్ర పోటీ పడుతున్నాయో ఇది మరోసారి స్పష్టం చేస్తోంది. ఒకవైపు Venezuela తన వనరులను వినియోగించుకునే ప్రయత్నం చేస్తుంటే, మరోవైపు అమెరికా వాటిని వ్యూహాత్మకంగా ఆకర్షించే ప్రయత్నం చేస్తోంది.\r\n\r\nమొత్తానికి ఈ బంగారం కథలో మెరుపు ఉంది, కానీ అది మనం ఊహించినట్టు కళ్లకు కనిపించే మెరుపు కాదు. అది ఆర్థిక వ్యవస్థలో, అంతర్జాతీయ రాజకీయాల్లో నిశ్శబ్దంగా ప్రభావం చూపే శక్తి.", "category": 1, "edition": 2, "reporter": 2, "received_from_edition": false, "status": "submitted", "page_number": null, "editor_comment": null, "edition_date": "2026-03-17", "created_at": "2026-03-17T07:43:07.886Z", "updated_at": "2026-03-17T07:43:07.886Z"}}, {"model": "news.article", "pk": 36, "fields": {"title": "హైదరాబాదులో భారీ వర్షాలు", "content": "లోతట్టు ప్రాంతాలు జలమయమయ్యాయి హైదరాబాదులో భారీ వర్షం కురుస్తుంది \r\nభారీ వర్షాలకు హైదరాబాద్ రోడ్లు జలమయమయ్యాయి ", "category": 1, "edition": 2, "reporter": 2, "received_from_edition": false, "status": "submitted", "page_number": null, "editor_comment": null, "edition_date": "2026-03-17", "created_at": "2026-03-17T09:11:24.079Z", "updated_at": "2026-03-17T09:11:24.079Z"}}, {"model": "news.article", "pk": 37, "fields": {"title": "మోసి పునరుద్ధరణ హైదరాబాద్ కి పునరుద్ జీవనం", "content": "   లక్ష లక్ష లక్ష లక్ష కోట్ల లక్ష కోట్ల లక్ష కోట్ల నిధులతో లక్ష కోట్ల నిధులతో లక్ష కోట్ల నిధులతో లక్ష కోట్ల నిధులతో లక్ష కోట్ల నిధులతో ప్రారంభమైన లక్ష కోట్ల నిధులతో ప్రారంభమైన లక్ష కోట్ల నిధులతో ప్రారంభమైన లక్ష కోట్ల నిధులతో ప్రారంభమైన లక్ష కోట్ల నిధులతో ప్రారంభమైన మూసీ లక్ష కోట్ల నిధులతో ప్రారంభమైన మూసీ లక్ష కోట్ల నిధులతో ప్రారంభమైన మూసీ లక్ష కోట్ల నిధులతో ప్రారంభమైన మూసీ సుందరీకరణ లక్ష కోట్ల నిధులతో ప్రారంభమైన మూసీ సుందరీకరణ కార్యక్రమం లక్ష కోట్ల నిధులతో ప్రారంభమైన మూసీ సుందరీకరణ కార్యక్రమం     హలో హలో హలో హలో మరుగునీటి హలో మరుగునీటి హలో మరుగునీటి సమస్యలు హలో మరుగునీటి సమస్యలు హలో మరుగునీటి సమస్యలు హలో మరుగునీటి సమస్యలు ఇంకా హలో మరుగునీటి సమస్యలు ఇంకా సవాలు     అభివృద్ధిలో అభివృద్ధిలో అభివృద్ధిలో అభివృద్ధిలో అభివృద్ధిలో మూసి అభివృద్ధిలో మూసి అభివృద్ధిలో మూసి అభివృద్ధిలో మూసి అభివృద్ధిలో మూసి అభివృద్ధిలో మూసి తీరాల అభివృద్ధిలో మూసి తీరాల ప్రాధాన్యం     చలో చలో చలో నది చలో నది చలో నది చలో నది చలో నది చలో నది చలో నది చలో నది పునరజీవనానికి చలో నది పునరజీవనానికి అవకాశాలు     సారించారు సారించారు సారించారు సారించారు సారించారు సారించారు సారించారు లక్ష సారించారు లక్ష సారించారు లక్ష కోట్ల సారించారు లక్ష కోట్ల సారించారు లక్ష కోట్ల నిధులతో సారించారు లక్ష కోట్ల నిధులతో సారించారు లక్ష కోట్ల నిధులతో సారించారు లక్ష కోట్ల నిధులతో సారించారు లక్ష కోట్ల నిధులతో మూసి సారించారు లక్ష కోట్ల నిధులతో మూసి సారించారు లక్ష కోట్ల నిధులతో మూసి సారించారు లక్ష కోట్ల నిధులతో మూసి సారించారు లక్ష కోట్ల నిధులతో మూసి సుందరీకరణ సారించారు లక్ష కోట్ల నిధులతో మూసి సుందరీకరణ సారించారు లక్ష కోట్ల నిధులతో మూసి సుందరీకరణ కార్యక్రమం సారించారు లక్ష కోట్ల నిధులతో మూసి సుందరీకరణ కార్యక్రమం సారించారు లక్ష కోట్ల నిధులతో మూసి సుందరీకరణ కార్యక్రమం సారించారు లక్ష కోట్ల నిధులతో మూసి సుందరీకరణ కార్యక్రమం చేపట్టాలని సారించారు లక్ష కోట్ల నిధులతో మూసి సుందరీకరణ కార్యక్రమం చేపట్టాలని సారించారు లక్ష కోట్ల నిధులతో మూసి సుందరీకరణ కార్యక్రమం చేపట్టాలని కాంగ్రెస్ సారించారు లక్ష కోట్ల నిధులతో మూసి సుందరీకరణ కార్యక్రమం చేపట్టాలని కాంగ్రెస్ సారించారు లక్ష కోట్ల నిధులతో మూసి సుందరీకరణ కార్యక్రమం చేపట్టాలని కాంగ్రెస్ సారించారు లక్ష కోట్ల నిధులతో మూసి సుందరీకరణ కార్యక్రమం చేపట్టాలని కాంగ్రెస్ ప్రభుత్వం సారించారు లక్ష కోట్ల నిధులతో మూసి సుందరీకరణ కార్యక్రమం చేపట్టాలని కాంగ్రెస్ ప్రభుత్వం నిర్ణయించింది సారించారు లక్ష కోట్ల నిధులతో మూసి సుందరీకరణ కార్యక్రమం చేపట్టాలని కాంగ్రెస్ ప్రభుత్వం నిర్ణయించింది సారించారు లక్ష కోట్ల నిధులతో మూసి సుందరీకరణ కార్యక్రమం చేపట్టాలని కాంగ్రెస్ ప్రభుత్వం నిర్ణయించింది సారించారు లక్ష కోట్ల నిధులతో మూసి సుందరీకరణ కార్యక్రమం చేపట్టాలని కాంగ్రెస్ ప్రభుత్వం నిర్ణయించింది సారించారు లక్ష కోట్ల నిధులతో మూసి సుందరీకరణ కార్యక్రమం చేపట్టాలని కాంగ్రెస్ ప్రభుత్వం నిర్ణయించింది సారించారు లక్ష కోట్ల నిధులతో మూసి సుందరీకరణ కార్యక్రమం చేపట్టాలని కాంగ్రెస్ ప్రభుత్వం నిర్ణయించింది సారించారు లక్ష కోట్ల నిధులతో మూసి సుందరీకరణ కార్యక్రమం చేపట్టాలని కాంగ్రెస్ ప్రభుత్వం నిర్ణయించింది మూసి సారించారు లక్ష కోట్ల నిధులతో మూసి సుందరీకరణ కార్యక్రమం చేపట్టాలని కాంగ్రెస్ ప్రభుత్వం నిర్ణయించింది మూసి సారించారు లక్ష కోట్ల నిధులతో మూసి సుందరీకరణ కార్యక్రమం చేపట్టాలని కాంగ్రెస్ ప్రభుత్వం నిర్ణయించింది మూసి సారించారు లక్ష కోట్ల నిధులతో మూసి సుందరీకరణ కార్యక్రమం చేపట్టాలని కాంగ్రెస్ ప్రభుత్వం నిర్ణయించింది మూసి తీర సారించారు లక్ష కోట్ల నిధులతో మూసి సుందరీకరణ కార్యక్రమం చేపట్టాలని కాంగ్రెస్ ప్రభుత్వం నిర్ణయించింది మూసి తీర సారించారు లక్ష కోట్ల నిధులతో మూసి సుందరీకరణ కార్యక్రమం చేపట్టాలని కాంగ్రెస్ ప్రభుత్వం నిర్ణయించింది మూసి తీర ప్రాంతాల్లో సారించారు లక్ష కోట్ల నిధులతో మూసి సుందరీకరణ కార్యక్రమం చేపట్టాలని కాంగ్రెస్ ప్రభుత్వం నిర్ణయించింది మూసి తీర ప్రాంతాల్లో సారించారు లక్ష కోట్ల నిధులతో మూసి సుందరీకరణ కార్యక్రమం చేపట్టాలని కాంగ్రెస్ ప్రభుత్వం నిర్ణయించింది మూసి తీర ప్రాంతాల్లో సారించారు లక్ష కోట్ల నిధులతో మూసి సుందరీకరణ కార్యక్రమం చేపట్టాలని కాంగ్రెస్ ప్రభుత్వం నిర్ణయించింది మూసి తీర ప్రాంతాల్లో సారించారు లక్ష కోట్ల నిధులతో మూసి సుందరీకరణ కార్యక్రమం చేపట్టాలని కాంగ్రెస్ ప్రభుత్వం నిర్ణయించింది మూసి తీర ప్రాంతాల్లో సారించారు లక్ష కోట్ల నిధులతో మూసి సుందరీకరణ కార్యక్రమం చేపట్టాలని కాంగ్రెస్ ప్రభుత్వం నిర్ణయించింది మూసి తీర ప్రాంతాల్లో సారించారు లక్ష కోట్ల నిధులతో మూసి సుందరీకరణ కార్యక్రమం చేపట్టాలని కాంగ్రెస్ ప్రభుత్వం నిర్ణయించింది మూసి తీర ప్రాంతాల్లో సారించారు లక్ష కోట్ల నిధులతో మూసి సుందరీకరణ కార్యక్రమం చేపట్టాలని కాంగ్రెస్ ప్రభుత్వం నిర్ణయించింది మూసి తీర ప్రాంతాల్లో ఆక్రమణలు సారించారు లక్ష కోట్ల నిధులతో మూసి సుందరీకరణ కార్యక్రమం చేపట్టాలని కాంగ్రెస్ ప్రభుత్వం నిర్ణయించింది మూసి తీర ప్రాంతాల్లో ఆక్రమణలు సారించారు లక్ష కోట్ల నిధులతో మూసి సుందరీకరణ కార్యక్రమం చేపట్టాలని కాంగ్రెస్ ప్రభుత్వం నిర్ణయించింది మూసి తీర ప్రాంతాల్లో ఆక్రమణలు సారించారు లక్ష కోట్ల నిధులతో మూసి సుందరీకరణ కార్యక్రమం చేపట్టాలని కాంగ్రెస్ ప్రభుత్వం నిర్ణయించింది మూసి తీర ప్రాంతాల్లో ఆక్రమణలు తొలగించడం సారించారు లక్ష కోట్ల నిధులతో మూసి సుందరీకరణ కార్యక్రమం చేపట్టాలని కాంగ్రెస్ ప్రభుత్వం నిర్ణయించింది మూసి తీర ప్రాంతాల్లో ఆక్రమణలు తొలగించడం సారించారు లక్ష కోట్ల నిధులతో మూసి సుందరీకరణ కార్యక్రమం చేపట్టాలని కాంగ్రెస్ ప్రభుత్వం నిర్ణయించింది మూసి తీర ప్రాంతాల్లో ఆక్రమణలు తొలగించడం సారించారు లక్ష కోట్ల నిధులతో మూసి సుందరీకరణ కార్యక్రమం చేపట్టాలని కాంగ్రెస్ ప్రభుత్వం నిర్ణయించింది మూసి తీర ప్రాంతాల్లో ఆక్రమణలు తొలగించడం సారించారు లక్ష కోట్ల నిధులతో మూసి సుందరీకరణ కార్యక్రమం చేపట్టాలని కాంగ్రెస్ ప్రభుత్వం నిర్ణయించింది మూసి తీర ప్రాంతాల్లో ఆక్రమణలు తొలగించడం సారించారు లక్ష కోట్ల నిధులతో మూసి సుందరీకరణ కార్యక్రమం చేపట్టాలని కాంగ్రెస్ ప్రభుత్వం నిర్ణయించింది మూసి తీర ప్రాంతాల్లో ఆక్రమణలు తొలగించడం సారించారు లక్ష కోట్ల నిధులతో మూసి సుందరీకరణ కార్యక్రమం చేపట్టాలని కాంగ్రెస్ ప్రభుత్వం నిర్ణయించింది మూసి తీర ప్రాంతాల్లో ఆక్రమణలు తొలగించడం ములుగునీటి సారించారు లక్ష కోట్ల నిధులతో మూసి సుందరీకరణ కార్యక్రమం చేపట్టాలని కాంగ్రెస్ ప్రభుత్వం నిర్ణయించింది మూసి తీర ప్రాంతాల్లో ఆక్రమణలు తొలగించడం ములుగునీటి సారించారు లక్ష కోట్ల నిధులతో మూసి సుందరీకరణ కార్యక్రమం చేపట్టాలని కాంగ్రెస్ ప్రభుత్వం నిర్ణయించింది మూసి తీర ప్రాంతాల్లో ఆక్రమణలు తొలగించడం ములుగునీటి శుద్ధి సారించారు లక్ష కోట్ల నిధులతో మూసి సుందరీకరణ కార్యక్రమం చేపట్టాలని కాంగ్రెస్ ప్రభుత్వం నిర్ణయించింది మూసి తీర ప్రాంతాల్లో ఆక్రమణలు తొలగించడం ములుగునీటి శుద్ధి సారించారు లక్ష కోట్ల నిధులతో మూసి సుందరీకరణ కార్యక్రమం చేపట్టాలని కాంగ్రెస్ ప్రభుత్వం నిర్ణయించింది మూసి తీర ప్రాంతాల్లో ఆక్రమణలు తొలగించడం ములుగునీటి శుద్ధి కేంద్రాలను సారించారు లక్ష కోట్ల నిధులతో మూసి సుందరీకరణ కార్యక్రమం చేపట్టాలని కాంగ్రెస్ ప్రభుత్వం నిర్ణయించింది మూసి తీర ప్రాంతాల్లో ఆక్రమణలు తొలగించడం ములుగునీటి శుద్ధి కేంద్రాలను సారించారు లక్ష కోట్ల నిధులతో మూసి సుందరీకరణ కార్యక్రమం చేపట్టాలని కాంగ్రెస్ ప్రభుత్వం నిర్ణయించింది మూసి తీర ప్రాంతాల్లో ఆక్రమణలు తొలగించడం ములుగునీటి శుద్ధి కేంద్రాలను ఏర్పాటు సారించారు లక్ష కోట్ల నిధులతో మూసి సుందరీకరణ కార్యక్రమం చేపట్టాలని కాంగ్రెస్ ప్రభుత్వం నిర్ణయించింది మూసి తీర ప్రాంతాల్లో ఆక్రమణలు తొలగించడం ములుగునీటి శుద్ధి కేంద్రాలను ఏర్పాటు చేయడం సారించారు లక్ష కోట్ల నిధులతో మూసి సుందరీకరణ కార్యక్రమం చేపట్టాలని కాంగ్రెస్ ప్రభుత్వం నిర్ణయించింది మూసి తీర ప్రాంతాల్లో ఆక్రమణలు తొలగించడం ములుగునీటి శుద్ధి కేంద్రాలను ఏర్పాటు చేయడం సారించారు లక్ష కోట్ల నిధులతో మూసి సుందరీకరణ కార్యక్రమం చేపట్టాలని కాంగ్రెస్ ప్రభుత్వం నిర్ణయించింది మూసి తీర ప్రాంతాల్లో ఆక్రమణలు తొలగించడం ములుగునీటి శుద్ధి కేంద్రాలను ఏర్పాటు చేయడం సారించారు లక్ష కోట్ల నిధులతో మూసి సుందరీకరణ కార్యక్రమం చేపట్టాలని కాంగ్రెస్ ప్రభుత్వం నిర్ణయించింది మూసి తీర ప్రాంతాల్లో ఆక్రమణలు తొలగించడం ములుగునీటి శుద్ధి కేంద్రాలను ఏర్పాటు చేయడం సారించారు లక్ష కోట్ల నిధులతో మూసి సుందరీకరణ కార్యక్రమం చేపట్టాలని కాంగ్రెస్ ప్రభుత్వం నిర్ణయించింది మూసి తీర ప్రాంతాల్లో ఆక్రమణలు తొలగించడం ములుగునీటి శుద్ధి కేంద్రాలను ఏర్పాటు చేయడం సారించారు లక్ష కోట్ల నిధులతో మూసి సుందరీకరణ కార్యక్రమం చేపట్టాలని కాంగ్రెస్ ప్రభుత్వం నిర్ణయించింది మూసి తీర ప్రాంతాల్లో ఆక్రమణలు తొలగించడం ములుగునీటి శుద్ధి కేంద్రాలను ఏర్పాటు చేయడం సారించారు లక్ష కోట్ల నిధులతో మూసి సుందరీకరణ కార్యక్రమం చేపట్టాలని కాంగ్రెస్ ప్రభుత్వం నిర్ణయించింది మూసి తీర ప్రాంతాల్లో ఆక్రమణలు తొలగించడం ములుగునీటి శుద్ధి కేంద్రాలను ఏర్పాటు చేయడం నది సారించారు లక్ష కోట్ల నిధులతో మూసి సుందరీకరణ కార్యక్రమం చేపట్టాలని కాంగ్రెస్ ప్రభుత్వం నిర్ణయించింది మూసి తీర ప్రాంతాల్లో ఆక్రమణలు తొలగించడం ములుగునీటి శుద్ధి కేంద్రాలను ఏర్పాటు చేయడం నది సారించారు లక్ష కోట్ల నిధులతో మూసి సుందరీకరణ కార్యక్రమం చేపట్టాలని కాంగ్రెస్ ప్రభుత్వం నిర్ణయించింది మూసి తీర ప్రాంతాల్లో ఆక్రమణలు తొలగించడం ములుగునీటి శుద్ధి కేంద్రాలను ఏర్పాటు చేయడం నది తీరాలను సారించారు లక్ష కోట్ల నిధులతో మూసి సుందరీకరణ కార్యక్రమం చేపట్టాలని కాంగ్రెస్ ప్రభుత్వం నిర్ణయించింది మూసి తీర ప్రాంతాల్లో ఆక్రమణలు తొలగించడం ములుగునీటి శుద్ధి కేంద్రాలను ఏర్పాటు చేయడం నది తీరాలను సారించారు లక్ష కోట్ల నిధులతో మూసి సుందరీకరణ కార్యక్రమం చేపట్టాలని కాంగ్రెస్ ప్రభుత్వం నిర్ణయించింది మూసి తీర ప్రాంతాల్లో ఆక్రమణలు తొలగించడం ములుగునీటి శుద్ధి కేంద్రాలను ఏర్పాటు చేయడం నది తీరాలను సారించారు లక్ష కోట్ల నిధులతో మూసి సుందరీకరణ కార్యక్రమం చేపట్టాలని కాంగ్రెస్ ప్రభుత్వం నిర్ణయించింది మూసి తీర ప్రాంతాల్లో ఆక్రమణలు తొలగించడం ములుగునీటి శుద్ధి కేంద్రాలను ఏర్పాటు చేయడం నది తీరాలను సారించారు లక్ష కోట్ల నిధులతో మూసి సుందరీకరణ కార్యక్రమం చేపట్టాలని కాంగ్రెస్ ప్రభుత్వం నిర్ణయించింది మూసి తీర ప్రాంతాల్లో ఆక్రమణలు తొలగించడం ములుగునీటి శుద్ధి కేంద్రాలను ఏర్పాటు చేయడం నది తీరాలను సారించారు లక్ష కోట్ల నిధులతో మూసి సుందరీకరణ కార్యక్రమం చేపట్టాలని కాంగ్రెస్ ప్రభుత్వం నిర్ణయించింది మూసి తీర ప్రాంతాల్లో ఆక్రమణలు తొలగించడం ములుగునీటి శుద్ధి కేంద్రాలను ఏర్పాటు చేయడం నది తీరాలను పచ్చదనంతో సారించారు లక్ష కోట్ల నిధులతో మూసి సుందరీకరణ కార్యక్రమం చేపట్టాలని కాంగ్రెస్ ప్రభుత్వం నిర్ణయించింది మూసి తీర ప్రాంతాల్లో ఆక్రమణలు తొలగించడం ములుగునీటి శుద్ధి కేంద్రాలను ఏర్పాటు చేయడం నది తీరాలను పచ్చదనంతో సారించారు లక్ష కోట్ల నిధులతో మూసి సుందరీకరణ కార్యక్రమం చేపట్టాలని కాంగ్రెస్ ప్రభుత్వం నిర్ణయించింది మూసి తీర ప్రాంతాల్లో ఆక్రమణలు తొలగించడం ములుగునీటి శుద్ధి కేంద్రాలను ఏర్పాటు చేయడం నది తీరాలను పచ్చదనంతో అభివృద్ధి సారించారు లక్ష కోట్ల నిధులతో మూసి సుందరీకరణ కార్యక్రమం చేపట్టాలని కాంగ్రెస్ ప్రభుత్వం నిర్ణయించింది మూసి తీర ప్రాంతాల్లో ఆక్రమణలు తొలగించడం ములుగునీటి శుద్ధి కేంద్రాలను ఏర్పాటు చేయడం నది తీరాలను పచ్చదనంతో అభివృద్ధి సారించారు లక్ష కోట్ల నిధులతో మూసి సుందరీకరణ కార్యక్రమం చేపట్టాలని కాంగ్రెస్ ప్రభుత్వం నిర్ణయించింది మూసి తీర ప్రాంతాల్లో ఆక్రమణలు తొలగించడం ములుగునీటి శుద్ధి కేంద్రాలను ఏర్పాటు చేయడం నది తీరాలను పచ్చదనంతో అభివృద్ధి చేయడం సారించారు లక్ష కోట్ల నిధులతో మూసి సుందరీకరణ కార్యక్రమం చేపట్టాలని కాంగ్రెస్ ప్రభుత్వం నిర్ణయించింది మూసి తీర ప్రాంతాల్లో ఆక్రమణలు తొలగించడం ములుగునీటి శుద్ధి కేంద్రాలను ఏర్పాటు చేయడం నది తీరాలను పచ్చదనంతో అభివృద్ధి చేయడం సారించారు లక్ష కోట్ల నిధులతో మూసి సుందరీకరణ కార్యక్రమం చేపట్టాలని కాంగ్రెస్ ప్రభుత్వం నిర్ణయించింది మూసి తీర ప్రాంతాల్లో ఆక్రమణలు తొలగించడం ములుగునీటి శుద్ధి కేంద్రాలను ఏర్పాటు చేయడం నది తీరాలను పచ్చదనంతో అభివృద్ధి చేయడం సారించారు లక్ష కోట్ల నిధులతో మూసి సుందరీకరణ కార్యక్రమం చేపట్టాలని కాంగ్రెస్ ప్రభుత్వం నిర్ణయించింది మూసి తీర ప్రాంతాల్లో ఆక్రమణలు తొలగించడం ములుగునీటి శుద్ధి కేంద్రాలను ఏర్పాటు చేయడం నది తీరాలను పచ్చదనంతో అభివృద్ధి చేయడం సారించారు లక్ష కోట్ల నిధులతో మూసి సుందరీకరణ కార్యక్రమం చేపట్టాలని కాంగ్రెస్ ప్రభుత్వం నిర్ణయించింది మూసి తీర ప్రాంతాల్లో ఆక్రమణలు తొలగించడం ములుగునీటి శుద్ధి కేంద్రాలను ఏర్పాటు చేయడం నది తీరాలను పచ్చదనంతో అభివృద్ధి చేయడం సారించారు లక్ష కోట్ల నిధులతో మూసి సుందరీకరణ కార్యక్రమం చేపట్టాలని కాంగ్రెస్ ప్రభుత్వం నిర్ణయించింది మూసి తీర ప్రాంతాల్లో ఆక్రమణలు తొలగించడం ములుగునీటి శుద్ధి కేంద్రాలను ఏర్పాటు చేయడం నది తీరాలను పచ్చదనంతో అభివృద్ధి చేయడం వంటి సారించారు లక్ష కోట్ల నిధులతో మూసి సుందరీకరణ కార్యక్రమం చేపట్టాలని కాంగ్రెస్ ప్రభుత్వం నిర్ణయించింది మూసి తీర ప్రాంతాల్లో ఆక్రమణలు తొలగించడం ములుగునీటి శుద్ధి కేంద్రాలను ఏర్పాటు చేయడం నది తీరాలను పచ్చదనంతో అభివృద్ధి చేయడం వంటి సారించారు లక్ష కోట్ల నిధులతో మూసి సుందరీకరణ కార్యక్రమం చేపట్టాలని కాంగ్రెస్ ప్రభుత్వం నిర్ణయించింది మూసి తీర ప్రాంతాల్లో ఆక్రమణలు తొలగించడం ములుగునీటి శుద్ధి కేంద్రాలను ఏర్పాటు చేయడం నది తీరాలను పచ్చదనంతో అభివృద్ధి చేయడం వంటి చర్యలను సారించారు లక్ష కోట్ల నిధులతో మూసి సుందరీకరణ కార్యక్రమం చేపట్టాలని కాంగ్రెస్ ప్రభుత్వం నిర్ణయించింది మూసి తీర ప్రాంతాల్లో ఆక్రమణలు తొలగించడం ములుగునీటి శుద్ధి కేంద్రాలను ఏర్పాటు చేయడం నది తీరాలను పచ్చదనంతో అభివృద్ధి చేయడం వంటి చర్యలను సారించారు లక్ష కోట్ల నిధులతో మూసి సుందరీకరణ కార్యక్రమం చేపట్టాలని కాంగ్రెస్ ప్రభుత్వం నిర్ణయించింది మూసి తీర ప్రాంతాల్లో ఆక్రమణలు తొలగించడం ములుగునీటి శుద్ధి కేంద్రాలను ఏర్పాటు చేయడం నది తీరాలను పచ్చదనంతో అభివృద్ధి చేయడం వంటి చర్యలను సారించారు లక్ష కోట్ల నిధులతో మూసి సుందరీకరణ కార్యక్రమం చేపట్టాలని కాంగ్రెస్ ప్రభుత్వం నిర్ణయించింది మూసి తీర ప్రాంతాల్లో ఆక్రమణలు తొలగించడం ములుగునీటి శుద్ధి కేంద్రాలను ఏర్పాటు చేయడం నది తీరాలను పచ్చదనంతో అభివృద్ధి చేయడం వంటి చర్యలను ప్రభుత్వం సారించారు లక్ష కోట్ల నిధులతో మూసి సుందరీకరణ కార్యక్రమం చేపట్టాలని కాంగ్రెస్ ప్రభుత్వం నిర్ణయించింది మూసి తీర ప్రాంతాల్లో ఆక్రమణలు తొలగించడం ములుగునీటి శుద్ధి కేంద్రాలను ఏర్పాటు చేయడం నది తీరాలను పచ్చదనంతో అభివృద్ధి చేయడం వంటి చర్యలను ప్రభుత్వం సారించారు లక్ష కోట్ల నిధులతో మూసి సుందరీకరణ కార్యక్రమం చేపట్టాలని కాంగ్రెస్ ప్రభుత్వం నిర్ణయించింది మూసి తీర ప్రాంతాల్లో ఆక్రమణలు తొలగించడం ములుగునీటి శుద్ధి కేంద్రాలను ఏర్పాటు చేయడం నది తీరాలను పచ్చదనంతో అభివృద్ధి చేయడం వంటి చర్యలను ప్రభుత్వం పరిశీలిస్తుంది సారించారు లక్ష కోట్ల నిధులతో మూసి సుందరీకరణ కార్యక్రమం చేపట్టాలని కాంగ్రెస్ ప్రభుత్వం నిర్ణయించింది మూసి తీర ప్రాంతాల్లో ఆక్రమణలు తొలగించడం ములుగునీటి శుద్ధి కేంద్రాలను ఏర్పాటు చేయడం నది తీరాలను పచ్చదనంతో అభివృద్ధి చేయడం వంటి చర్యలను ప్రభుత్వం పరిశీలిస్తుంది సారించారు లక్ష కోట్ల నిధులతో మూసి సుందరీకరణ కార్యక్రమం చేపట్టాలని కాంగ్రెస్ ప్రభుత్వం నిర్ణయించింది మూసి తీర ప్రాంతాల్లో ఆక్రమణలు తొలగించడం ములుగునీటి శుద్ధి కేంద్రాలను ఏర్పాటు చేయడం నది తీరాలను పచ్చదనంతో అభివృద్ధి చేయడం వంటి చర్యలను ప్రభుత్వం పరిశీలిస్తుంది సారించారు లక్ష కోట్ల నిధులతో మూసి సుందరీకరణ కార్యక్రమం చేపట్టాలని కాంగ్రెస్ ప్రభుత్వం నిర్ణయించింది మూసి తీర ప్రాంతాల్లో ఆక్రమణలు తొలగించడం ములుగునీటి శుద్ధి కేంద్రాలను ఏర్పాటు చేయడం నది తీరాలను పచ్చదనంతో అభివృద్ధి చేయడం వంటి చర్యలను ప్రభుత్వం పరిశీలిస్తుంది సారించారు లక్ష కోట్ల నిధులతో మూసి సుందరీకరణ కార్యక్రమం చేపట్టాలని కాంగ్రెస్ ప్రభుత్వం నిర్ణయించింది మూసి తీర ప్రాంతాల్లో ఆక్రమణలు తొలగించడం ములుగునీటి శుద్ధి కేంద్రాలను ఏర్పాటు చేయడం నది తీరాలను పచ్చదనంతో అభివృద్ధి చేయడం వంటి చర్యలను ప్రభుత్వం పరిశీలిస్తుంది సారించారు లక్ష కోట్ల నిధులతో మూసి సుందరీకరణ కార్యక్రమం చేపట్టాలని కాంగ్రెస్ ప్రభుత్వం నిర్ణయించింది మూసి తీర ప్రాంతాల్లో ఆక్రమణలు తొలగించడం ములుగునీటి శుద్ధి కేంద్రాలను ఏర్పాటు చేయడం నది తీరాలను పచ్చదనంతో అభివృద్ధి చేయడం వంటి చర్యలను ప్రభుత్వం పరిశీలిస్తుంది సారించారు లక్ష కోట్ల నిధులతో మూసి సుందరీకరణ కార్యక్రమం చేపట్టాలని కాంగ్రెస్ ప్రభుత్వం నిర్ణయించింది మూసి తీర ప్రాంతాల్లో ఆక్రమణలు తొలగించడం ములుగునీటి శుద్ధి కేంద్రాలను ఏర్పాటు చేయడం నది తీరాలను పచ్చదనంతో అభివృద్ధి చేయడం వంటి చర్యలను ప్రభుత్వం పరిశీలిస్తుంది సారించారు లక్ష కోట్ల నిధులతో మూసి సుందరీకరణ కార్యక్రమం చేపట్టాలని కాంగ్రెస్ ప్రభుత్వం నిర్ణయించింది మూసి తీర ప్రాంతాల్లో ఆక్రమణలు తొలగించడం ములుగునీటి శుద్ధి కేంద్రాలను ఏర్పాటు చేయడం నది తీరాలను పచ్చదనంతో అభివృద్ధి చేయడం వంటి చర్యలను ప్రభుత్వం పరిశీలిస్తుంది సారించారు లక్ష కోట్ల నిధులతో మూసి సుందరీకరణ కార్యక్రమం చేపట్టాలని కాంగ్రెస్ ప్రభుత్వం నిర్ణయించింది మూసి తీర ప్రాంతాల్లో ఆక్రమణలు తొలగించడం ములుగునీటి శుద్ధి కేంద్రాలను ఏర్పాటు చేయడం నది తీరాలను పచ్చదనంతో అభివృద్ధి చేయడం వంటి చర్యలను ప్రభుత్వం పరిశీలిస్తుంది సారించారు లక్ష కోట్ల నిధులతో మూసి సుందరీకరణ కార్యక్రమం చేపట్టాలని కాంగ్రెస్ ప్రభుత్వం నిర్ణయించింది మూసి తీర ప్రాంతాల్లో ఆక్రమణలు తొలగించడం ములుగునీటి శుద్ధి కేంద్రాలను ఏర్పాటు చేయడం నది తీరాలను పచ్చదనంతో అభివృద్ధి చేయడం వంటి చర్యలను ప్రభుత్వం పరిశీలిస్తుంది నగరాభివృద్ధి సారించారు లక్ష కోట్ల నిధులతో మూసి సుందరీకరణ కార్యక్రమం చేపట్టాలని కాంగ్రెస్ ప్రభుత్వం నిర్ణయించింది మూసి తీర ప్రాంతాల్లో ఆక్రమణలు తొలగించడం ములుగునీటి శుద్ధి కేంద్రాలను ఏర్పాటు చేయడం నది తీరాలను పచ్చదనంతో అభివృద్ధి చేయడం వంటి చర్యలను ప్రభుత్వం పరిశీలిస్తుంది నగరాభివృద్ధి సారించారు లక్ష కోట్ల నిధులతో మూసి సుందరీకరణ కార్యక్రమం చేపట్టాలని కాంగ్రెస్ ప్రభుత్వం నిర్ణయించింది మూసి తీర ప్రాంతాల్లో ఆక్రమణలు తొలగించడం ములుగునీటి శుద్ధి కేంద్రాలను ఏర్పాటు చేయడం నది తీరాలను పచ్చదనంతో అభివృద్ధి చేయడం వంటి చర్యలను ప్రభుత్వం పరిశీలిస్తుంది నగరాభివృద్ధి సారించారు లక్ష కోట్ల నిధులతో మూసి సుందరీకరణ కార్యక్రమం చేపట్టాలని కాంగ్రెస్ ప్రభుత్వం నిర్ణయించింది మూసి తీర ప్రాంతాల్లో ఆక్రమణలు తొలగించడం ములుగునీటి శుద్ధి కేంద్రాలను ఏర్పాటు చేయడం నది తీరాలను పచ్చదనంతో అభివృద్ధి చేయడం వంటి చర్యలను ప్రభుత్వం పరిశీలిస్తుంది నగరాభివృద్ధి సారించారు లక్ష కోట్ల నిధులతో మూసి సుందరీకరణ కార్యక్రమం చేపట్టాలని కాంగ్రెస్ ప్రభుత్వం నిర్ణయించింది మూసి తీర ప్రాంతాల్లో ఆక్రమణలు తొలగించడం ములుగునీటి శుద్ధి కేంద్రాలను ఏర్పాటు చేయడం నది తీరాలను పచ్చదనంతో అభివృద్ధి చేయడం వంటి చర్యలను ప్రభుత్వం పరిశీలిస్తుంది నగరాభివృద్ధి సారించారు లక్ష కోట్ల నిధులతో మూసి సుందరీకరణ కార్యక్రమం చేపట్టాలని కాంగ్రెస్ ప్రభుత్వం నిర్ణయించింది మూసి తీర ప్రాంతాల్లో ఆక్రమణలు తొలగించడం ములుగునీటి శుద్ధి కేంద్రాలను ఏర్పాటు చేయడం నది తీరాలను పచ్చదనంతో అభివృద్ధి చేయడం వంటి చర్యలను ప్రభుత్వం పరిశీలిస్తుంది నగరాభివృద్ధి ప్రణాళికలో సారించారు లక్ష కోట్ల నిధులతో మూసి సుందరీకరణ కార్యక్రమం చేపట్టాలని కాంగ్రెస్ ప్రభుత్వం నిర్ణయించింది మూసి తీర ప్రాంతాల్లో ఆక్రమణలు తొలగించడం ములుగునీటి శుద్ధి కేంద్రాలను ఏర్పాటు చేయడం నది తీరాలను పచ్చదనంతో అభివృద్ధి చేయడం వంటి చర్యలను ప్రభుత్వం పరిశీలిస్తుంది నగరాభివృద్ధి ప్రణాళికలో సారించారు లక్ష కోట్ల నిధులతో మూసి సుందరీకరణ కార్యక్రమం చేపట్టాలని కాంగ్రెస్ ప్రభుత్వం నిర్ణయించింది మూసి తీర ప్రాంతాల్లో ఆక్రమణలు తొలగించడం ములుగునీటి శుద్ధి కేంద్రాలను ఏర్పాటు చేయడం నది తీరాలను పచ్చదనంతో అభివృద్ధి చేయడం వంటి చర్యలను ప్రభుత్వం పరిశీలిస్తుంది నగరాభివృద్ధి ప్రణాళికలో భాగంగా సారించారు లక్ష కోట్ల నిధులతో మూసి సుందరీకరణ కార్యక్రమం చేపట్టాలని కాంగ్రెస్ ప్రభుత్వం నిర్ణయించింది మూసి తీర ప్రాంతాల్లో ఆక్రమణలు తొలగించడం ములుగునీటి శుద్ధి కేంద్రాలను ఏర్పాటు చేయడం నది తీరాలను పచ్చదనంతో అభివృద్ధి చేయడం వంటి చర్యలను ప్రభుత్వం పరిశీలిస్తుంది నగరాభివృద్ధి ప్రణాళికలో భాగంగా సారించారు లక్ష కోట్ల నిధులతో మూసి సుందరీకరణ కార్యక్రమం చేపట్టాలని కాంగ్రెస్ ప్రభుత్వం నిర్ణయించింది మూసి తీర ప్రాంతాల్లో ఆక్రమణలు తొలగించడం ములుగునీటి శుద్ధి కేంద్రాలను ఏర్పాటు చేయడం నది తీరాలను పచ్చదనంతో అభివృద్ధి చేయడం వంటి చర్యలను ప్రభుత్వం పరిశీలిస్తుంది నగరాభివృద్ధి ప్రణాళికలో భాగంగా సారించారు లక్ష కోట్ల నిధులతో మూసి సుందరీకరణ కార్యక్రమం చేపట్టాలని కాంగ్రెస్ ప్రభుత్వం నిర్ణయించింది మూసి తీర ప్రాంతాల్లో ఆక్రమణలు తొలగించడం ములుగునీటి శుద్ధి కేంద్రాలను ఏర్పాటు చేయడం నది తీరాలను పచ్చదనంతో అభివృద్ధి చేయడం వంటి చర్యలను ప్రభుత్వం పరిశీలిస్తుంది నగరాభివృద్ధి ప్రణాళికలో భాగంగా సారించారు లక్ష కోట్ల నిధులతో మూసి సుందరీకరణ కార్యక్రమం చేపట్టాలని కాంగ్రెస్ ప్రభుత్వం నిర్ణయించింది మూసి తీర ప్రాంతాల్లో ఆక్రమణలు తొలగించడం ములుగునీటి శుద్ధి కేంద్రాలను ఏర్పాటు చేయడం నది తీరాలను పచ్చదనంతో అభివృద్ధి చేయడం వంటి చర్యలను ప్రభుత్వం పరిశీలిస్తుంది నగరాభివృద్ధి ప్రణాళికలో భాగంగా సారించారు లక్ష కోట్ల నిధులతో మూసి సుందరీకరణ కార్యక్రమం చేపట్టాలని కాంగ్రెస్ ప్రభుత్వం నిర్ణయించింది మూసి తీర ప్రాంతాల్లో ఆక్రమణలు తొలగించడం ములుగునీటి శుద్ధి కేంద్రాలను ఏర్పాటు చేయడం నది తీరాలను పచ్చదనంతో అభివృద్ధి చేయడం వంటి చర్యలను ప్రభుత్వం పరిశీలిస్తుంది నగరాభివృద్ధి ప్రణాళికలో భాగంగా మోసి సారించారు లక్ష కోట్ల నిధులతో మూసి సుందరీకరణ కార్యక్రమం చేపట్టాలని కాంగ్రెస్ ప్రభుత్వం నిర్ణయించింది మూసి తీర ప్రాంతాల్లో ఆక్రమణలు తొలగించడం ములుగునీటి శుద్ధి కేంద్రాలను ఏర్పాటు చేయడం నది తీరాలను పచ్చదనంతో అభివృద్ధి చేయడం వంటి చర్యలను ప్రభుత్వం పరిశీలిస్తుంది నగరాభివృద్ధి ప్రణాళికలో భాగంగా మోసి సారించారు లక్ష కోట్ల నిధులతో మూసి సుందరీకరణ కార్యక్రమం చేపట్టాలని కాంగ్రెస్ ప్రభుత్వం నిర్ణయించింది మూసి తీర ప్రాంతాల్లో ఆక్రమణలు తొలగించడం ములుగునీటి శుద్ధి కేంద్రాలను ఏర్పాటు చేయడం నది తీరాలను పచ్చదనంతో అభివృద్ధి చేయడం వంటి చర్యలను ప్రభుత్వం పరిశీలిస్తుంది నగరాభివృద్ధి ప్రణాళికలో భాగంగా మోసి తీరాలను సారించారు లక్ష కోట్ల నిధులతో మూసి సుందరీకరణ కార్యక్రమం చేపట్టాలని కాంగ్రెస్ ప్రభుత్వం నిర్ణయించింది మూసి తీర ప్రాంతాల్లో ఆక్రమణలు తొలగించడం ములుగునీటి శుద్ధి కేంద్రాలను ఏర్పాటు చేయడం నది తీరాలను పచ్చదనంతో అభివృద్ధి చేయడం వంటి చర్యలను ప్రభుత్వం పరిశీలిస్తుంది నగరాభివృద్ధి ప్రణాళికలో భాగంగా మోసి తీరాలను సారించారు లక్ష కోట్ల నిధులతో మూసి సుందరీకరణ కార్యక్రమం చేపట్టాలని కాంగ్రెస్ ప్రభుత్వం నిర్ణయించింది మూసి తీర ప్రాంతాల్లో ఆక్రమణలు తొలగించడం ములుగునీటి శుద్ధి కేంద్రాలను ఏర్పాటు చేయడం నది తీరాలను పచ్చదనంతో అభివృద్ధి చేయడం వంటి చర్యలను ప్రభుత్వం పరిశీలిస్తుంది నగరాభివృద్ధి ప్రణాళికలో భాగంగా మోసి తీరాలను సారించారు లక్ష కోట్ల నిధులతో మూసి సుందరీకరణ కార్యక్రమం చేపట్టాలని కాంగ్రెస్ ప్రభుత్వం నిర్ణయించింది మూసి తీర ప్రాంతాల్లో ఆక్రమణలు తొలగించడం ములుగునీటి శుద్ధి కేంద్రాలను ఏర్పాటు చేయడం నది తీరాలను పచ్చదనంతో అభివృద్ధి చేయడం వంటి చర్యలను ప్రభుత్వం పరిశీలిస్తుంది నగరాభివృద్ధి ప్రణాళికలో భాగంగా మోసి తీరాలను ప్రజలకు సారించారు లక్ష కోట్ల నిధులతో మూసి సుందరీకరణ కార్యక్రమం చేపట్టాలని కాంగ్రెస్ ప్రభుత్వం నిర్ణయించింది మూసి తీర ప్రాంతాల్లో ఆక్రమణలు తొలగించడం ములుగునీటి శుద్ధి కేంద్రాలను ఏర్పాటు చేయడం నది తీరాలను పచ్చదనంతో అభివృద్ధి చేయడం వంటి చర్యలను ప్రభుత్వం పరిశీలిస్తుంది నగరాభివృద్ధి ప్రణాళికలో భాగంగా మోసి తీరాలను ప్రజలకు సారించారు లక్ష కోట్ల నిధులతో మూసి సుందరీకరణ కార్యక్రమం చేపట్టాలని కాంగ్రెస్ ప్రభుత్వం నిర్ణయించింది మూసి తీర ప్రాంతాల్లో ఆక్రమణలు తొలగించడం ములుగునీటి శుద్ధి కేంద్రాలను ఏర్పాటు చేయడం నది తీరాలను పచ్చదనంతో అభివృద్ధి చేయడం వంటి చర్యలను ప్రభుత్వం పరిశీలిస్తుంది నగరాభివృద్ధి ప్రణాళికలో భాగంగా మోసి తీరాలను ప్రజలకు సారించారు లక్ష కోట్ల నిధులతో మూసి సుందరీకరణ కార్యక్రమం చేపట్టాలని కాంగ్రెస్ ప్రభుత్వం నిర్ణయించింది మూసి తీర ప్రాంతాల్లో ఆక్రమణలు తొలగించడం ములుగునీటి శుద్ధి కేంద్రాలను ఏర్పాటు చేయడం నది తీరాలను పచ్చదనంతో అభివృద్ధి చేయడం వంటి చర్యలను ప్రభుత్వం పరిశీలిస్తుంది నగరాభివృద్ధి ప్రణాళికలో భాగంగా మోసి తీరాలను ప్రజలకు వినోదం సారించారు లక్ష కోట్ల నిధులతో మూసి సుందరీకరణ కార్యక్రమం చేపట్టాలని కాంగ్రెస్ ప్రభుత్వం నిర్ణయించింది మూసి తీర ప్రాంతాల్లో ఆక్రమణలు తొలగించడం ములుగునీటి శుద్ధి కేంద్రాలను ఏర్పాటు చేయడం నది తీరాలను పచ్చదనంతో అభివృద్ధి చేయడం వంటి చర్యలను ప్రభుత్వం పరిశీలిస్తుంది నగరాభివృద్ధి ప్రణాళికలో భాగంగా మోసి తీరాలను ప్రజలకు వినోదం సారించారు లక్ష కోట్ల నిధులతో మూసి సుందరీకరణ కార్యక్రమం చేపట్టాలని కాంగ్రెస్ ప్రభుత్వం నిర్ణయించింది మూసి తీర ప్రాంతాల్లో ఆక్రమణలు తొలగించడం ములుగునీటి శుద్ధి కేంద్రాలను ఏర్పాటు చేయడం నది తీరాలను పచ్చదనంతో అభివృద్ధి చేయడం వంటి చర్యలను ప్రభుత్వం పరిశీలిస్తుంది నగరాభివృద్ధి ప్రణాళికలో భాగంగా మోసి తీరాలను ప్రజలకు వినోదం సారించారు లక్ష కోట్ల నిధులతో మూసి సుందరీకరణ కార్యక్రమం చేపట్టాలని కాంగ్రెస్ ప్రభుత్వం నిర్ణయించింది మూసి తీర ప్రాంతాల్లో ఆక్రమణలు తొలగించడం ములుగునీటి శుద్ధి కేంద్రాలను ఏర్పాటు చేయడం నది తీరాలను పచ్చదనంతో అభివృద్ధి చేయడం వంటి చర్యలను ప్రభుత్వం పరిశీలిస్తుంది నగరాభివృద్ధి ప్రణాళికలో భాగంగా మోసి తీరాలను ప్రజలకు వినోదం సారించారు లక్ష కోట్ల నిధులతో మూసి సుందరీకరణ కార్యక్రమం చేపట్టాలని కాంగ్రెస్ ప్రభుత్వం నిర్ణయించింది మూసి తీర ప్రాంతాల్లో ఆక్రమణలు తొలగించడం ములుగునీటి శుద్ధి కేంద్రాలను ఏర్పాటు చేయడం నది తీరాలను పచ్చదనంతో అభివృద్ధి చేయడం వంటి చర్యలను ప్రభుత్వం పరిశీలిస్తుంది నగరాభివృద్ధి ప్రణాళికలో భాగంగా మోసి తీరాలను ప్రజలకు వినోదం విశ్రాంతి సారించారు లక్ష కోట్ల నిధులతో మూసి సుందరీకరణ కార్యక్రమం చేపట్టాలని కాంగ్రెస్ ప్రభుత్వం నిర్ణయించింది మూసి తీర ప్రాంతాల్లో ఆక్రమణలు తొలగించడం ములుగునీటి శుద్ధి కేంద్రాలను ఏర్పాటు చేయడం నది తీరాలను పచ్చదనంతో అభివృద్ధి చేయడం వంటి చర్యలను ప్రభుత్వం పరిశీలిస్తుంది నగరాభివృద్ధి ప్రణాళికలో భాగంగా మోసి తీరాలను ప్రజలకు వినోదం విశ్రాంతి సారించారు లక్ష కోట్ల నిధులతో మూసి సుందరీకరణ కార్యక్రమం చేపట్టాలని కాంగ్రెస్ ప్రభుత్వం నిర్ణయించింది మూసి తీర ప్రాంతాల్లో ఆక్రమణలు తొలగించడం ములుగునీటి శుద్ధి కేంద్రాలను ఏర్పాటు చేయడం నది తీరాలను పచ్చదనంతో అభివృద్ధి చేయడం వంటి చర్యలను ప్రభుత్వం పరిశీలిస్తుంది నగరాభివృద్ధి ప్రణాళికలో భాగంగా మోసి తీరాలను ప్రజలకు వినోదం విశ్రాంతి సారించారు లక్ష కోట్ల నిధులతో మూసి సుందరీకరణ కార్యక్రమం చేపట్టాలని కాంగ్రెస్ ప్రభుత్వం నిర్ణయించింది మూసి తీర ప్రాంతాల్లో ఆక్రమణలు తొలగించడం ములుగునీటి శుద్ధి కేంద్రాలను ఏర్పాటు చేయడం నది తీరాలను పచ్చదనంతో అభివృద్ధి చేయడం వంటి చర్యలను ప్రభుత్వం పరిశీలిస్తుంది నగరాభివృద్ధి ప్రణాళికలో భాగంగా మోసి తీరాలను ప్రజలకు వినోదం విశ్రాంతి సారించారు లక్ష కోట్ల నిధులతో మూసి సుందరీకరణ కార్యక్రమం చేపట్టాలని కాంగ్రెస్ ప్రభుత్వం నిర్ణయించింది మూసి తీర ప్రాంతాల్లో ఆక్రమణలు తొలగించడం ములుగునీటి శుద్ధి కేంద్రాలను ఏర్పాటు చేయడం నది తీరాలను పచ్చదనంతో అభివృద్ధి చేయడం వంటి చర్యలను ప్రభుత్వం పరిశీలిస్తుంది నగరాభివృద్ధి ప్రణాళికలో భాగంగా మోసి తీరాలను ప్రజలకు వినోదం విశ్రాంతి సారించారు లక్ష కోట్ల నిధులతో మూసి సుందరీకరణ కార్యక్రమం చేపట్టాలని కాంగ్రెస్ ప్రభుత్వం నిర్ణయించింది మూసి తీర ప్రాంతాల్లో ఆక్రమణలు తొలగించడం ములుగునీటి శుద్ధి కేంద్రాలను ఏర్పాటు చేయడం నది తీరాలను పచ్చదనంతో అభివృద్ధి చేయడం వంటి చర్యలను ప్రభుత్వం పరిశీలిస్తుంది నగరాభివృద్ధి ప్రణాళికలో భాగంగా మోసి తీరాలను ప్రజలకు వినోదం విశ్రాంతి ప్రదేశాలుగా సారించారు లక్ష కోట్ల నిధులతో మూసి సుందరీకరణ కార్యక్రమం చేపట్టాలని కాంగ్రెస్ ప్రభుత్వం నిర్ణయించింది మూసి తీర ప్రాంతాల్లో ఆక్రమణలు తొలగించడం ములుగునీటి శుద్ధి కేంద్రాలను ఏర్పాటు చేయడం నది తీరాలను పచ్చదనంతో అభివృద్ధి చేయడం వంటి చర్యలను ప్రభుత్వం పరిశీలిస్తుంది నగరాభివృద్ధి ప్రణాళికలో భాగంగా మోసి తీరాలను ప్రజలకు వినోదం విశ్రాంతి ప్రదేశాలుగా సారించారు లక్ష కోట్ల నిధులతో మూసి సుందరీకరణ కార్యక్రమం చేపట్టాలని కాంగ్రెస్ ప్రభుత్వం నిర్ణయించింది మూసి తీర ప్రాంతాల్లో ఆక్రమణలు తొలగించడం ములుగునీటి శుద్ధి కేంద్రాలను ఏర్పాటు చేయడం నది తీరాలను పచ్చదనంతో అభివృద్ధి చేయడం వంటి చర్యలను ప్రభుత్వం పరిశీలిస్తుంది నగరాభివృద్ధి ప్రణాళికలో భాగంగా మోసి తీరాలను ప్రజలకు వినోదం విశ్రాంతి ప్రదేశాలుగా మార్చే సారించారు లక్ష కోట్ల నిధులతో మూసి సుందరీకరణ కార్యక్రమం చేపట్టాలని కాంగ్రెస్ ప్రభుత్వం నిర్ణయించింది మూసి తీర ప్రాంతాల్లో ఆక్రమణలు తొలగించడం ములుగునీటి శుద్ధి కేంద్రాలను ఏర్పాటు చేయడం నది తీరాలను పచ్చదనంతో అభివృద్ధి చేయడం వంటి చర్యలను ప్రభుత్వం పరిశీలిస్తుంది నగరాభివృద్ధి ప్రణాళికలో భాగంగా మోసి తీరాలను ప్రజలకు వినోదం విశ్రాంతి ప్రదేశాలుగా మార్చే సారించారు లక్ష కోట్ల నిధులతో మూసి సుందరీకరణ కార్యక్రమం చేపట్టాలని కాంగ్రెస్ ప్రభుత్వం నిర్ణయించింది మూసి తీర ప్రాంతాల్లో ఆక్రమణలు తొలగించడం ములుగునీటి శుద్ధి కేంద్రాలను ఏర్పాటు చేయడం నది తీరాలను పచ్చదనంతో అభివృద్ధి చేయడం వంటి చర్యలను ప్రభుత్వం పరిశీలిస్తుంది నగరాభివృద్ధి ప్రణాళికలో భాగంగా మోసి తీరాలను ప్రజలకు వినోదం విశ్రాంతి ప్రదేశాలుగా మార్చే ఆలోచన సారించారు లక్ష కోట్ల నిధులతో మూసి సుందరీకరణ కార్యక్రమం చేపట్టాలని కాంగ్రెస్ ప్రభుత్వం నిర్ణయించింది మూసి తీర ప్రాంతాల్లో ఆక్రమణలు తొలగించడం ములుగునీటి శుద్ధి కేంద్రాలను ఏర్పాటు చేయడం నది తీరాలను పచ్చదనంతో అభివృద్ధి చేయడం వంటి చర్యలను ప్రభుత్వం పరిశీలిస్తుంది నగరాభివృద్ధి ప్రణాళికలో భాగంగా మోసి తీరాలను ప్రజలకు వినోదం విశ్రాంతి ప్రదేశాలుగా మార్చే ఆలోచన సారించారు లక్ష కోట్ల నిధులతో మూసి సుందరీకరణ కార్యక్రమం చేపట్టాలని కాంగ్రెస్ ప్రభుత్వం నిర్ణయించింది మూసి తీర ప్రాంతాల్లో ఆక్రమణలు తొలగించడం ములుగునీటి శుద్ధి కేంద్రాలను ఏర్పాటు చేయడం నది తీరాలను పచ్చదనంతో అభివృద్ధి చేయడం వంటి చర్యలను ప్రభుత్వం పరిశీలిస్తుంది నగరాభివృద్ధి ప్రణాళికలో భాగంగా మోసి తీరాలను ప్రజలకు వినోదం విశ్రాంతి ప్రదేశాలుగా మార్చే ఆలోచన కూడా సారించారు లక్ష కోట్ల నిధులతో మూసి సుందరీకరణ కార్యక్రమం చేపట్టాలని కాంగ్రెస్ ప్రభుత్వం నిర్ణయించింది మూసి తీర ప్రాంతాల్లో ఆక్రమణలు తొలగించడం ములుగునీటి శుద్ధి కేంద్రాలను ఏర్పాటు చేయడం నది తీరాలను పచ్చదనంతో అభివృద్ధి చేయడం వంటి చర్యలను ప్రభుత్వం పరిశీలిస్తుంది నగరాభివృద్ధి ప్రణాళికలో భాగంగా మోసి తీరాలను ప్రజలకు వినోదం విశ్రాంతి ప్రదేశాలుగా మార్చే ఆలోచన కూడా ఉంది ", "category": 1, "edition": 2, "reporter": 2, "received_from_edition": false, "status": "submitted", "page_number": null, "editor_comment": null, "edition_date": "2026-03-17", "created_at": "2026-03-17T09:37:04.995Z", "updated_at": "2026-03-17T09:37:04.995Z"}}, {"model": "news.article", "pk": 38, "fields": {"title": "ఏసీబీకి చిక్కిన తాడేపల్లిగూడెం మున్సిపల్ సర్వేయర్", "content": "ఇవ్వడం మునిసిపల్ సర్వేయర్ గా పనిచేస్తున్న అధికారి ఇంట్లో అవినీతి నిరోధక శాఖ అధికారులు మెరుపు దాడులు నిర్వహించారు రామకృష్ణ ఒక స్థలానికి సంబంధించి సర్వే రిపోర్ట్ ఇవ్వడానికి రూపాయలు 50,000 లంచం డిమాండ్ చేశారు దీంతో బాధితుడు ఏసీబీ అధికారులను ఆశ్రయించడంతో వారు పక్కా ప్లాన్ తో రంగంలోకి దిగారు మంగళవారం రామకృష్ణ తన నివాసంలో ఆ నగదును తీసుకుంటుండగా ఏసీబీ అధికారులు ఆయనను రెడ్ హ్యాండెడ్ గా పట్టుకున్నట్లు తెలుస్తుంది అనంతరం రామకృష్ణ నివాసంలో అధికారుల సోదాలు నిర్వహించారు ఈ సోదాల్లో కీలక పత్రాలను స్వాధీనం చేసుకున్నట్లు సమాచారం ", "category": 1, "edition": 2, "reporter": 2, "received_from_edition": false, "status": "submitted", "page_number": null, "editor_comment": null, "edition_date": "2026-03-17", "created_at": "2026-03-17T09:57:55.806Z", "updated_at": "2026-03-17T09:57:55.806Z"}}, {"model": "news.article", "pk": 39, "fields": {"title": "అమరావతి అభివృద్ధి పై ఎండీసీ ఫోకస్", "content": "కీలక భేటీ ఏపీ అభివృద్ధి మోడల్ పై జాతీయస్థాయిలో అధ్యయనం విశాఖ అమరావతి పరిశీలనకు డిఫెన్స్ కాలేజ్ బృందం ప్రపంచస్థాయి రాజధాని నిర్మాణం సిఎస్ క్లారిటీ ఏపీ దూసుకెళ్తోంది న్యూఢిల్లీలోని నేషనల్ డిఫెన్స్ కళాశాలకు చెందిన ఎం.వి పటేల్ అతి విశిష్ట సేవ మోడల్ నేతృత్వంలో 16 మంది ప్రతినిధుల బృందం మంగళవారం ఏపీ సచివాలయంలో ప్రభుత్వ ప్రధాన కార్యదర్శి జి సాయి ప్రసాద్ తో భేటీ అయింది నేషనల్ డిఫెన్స్ కళాశాల ప్రతినిధి బృందం ప్రతి ఏటా తమ కోర్సు అధ్యయనంలో భాగంగా దేశవ్యాప్తంగా వివిధ రాష్ట్రాల్లో జరుగుతున్న అభివృద్ధి ఇతర అంశాలను అధ్యయనం చేస్తుంది. ఈ బృందం ఏపీలోని విశాఖపట్నం స్మార్ట్ సిటీ అభివృద్ధి అమరావతి ప్రజా రాజధాని అభివృద్ధి తదితర ప్రాంతాలను నేరుగా సందర్శించి అక్కడ జరిగే అభివృద్ధిని అధ్యయనం చేయనుంది ఈ పర్యటనలో భాగంగా ఎండీసీ బృందం సిఎస్తో భేటీ అయి అమరావతి నూతన రాజధాని నిర్మాణంలో ఎదురవుతున్న సవాళ్లను ప్రభుత్వం అధిగమిస్తూ నిర్మాణ పనులను ఏ విధంగా ముందుకు తీసుకెళుతున్నది సిఎస్ ని అడిగి తెలుసుకున్నారు ", "category": 1, "edition": 2, "reporter": 2, "received_from_edition": false, "status": "submitted", "page_number": null, "editor_comment": null, "edition_date": "2026-03-17", "created_at": "2026-03-17T10:35:17.675Z", "updated_at": "2026-03-17T10:35:17.675Z"}}, {"model": "news.article", "pk": 40, "fields": {"title": "భారత్లో బంగారం ధరలు యుద్ధభయం", "content": "ఎక్కువ దళ తగ్గుదల ఉద్రిక్తతల ప్రభావం సరఫరా అని పెట్టుబడిదారుల భావన సూచనలు ఆంధ్రప్రభ వెబ్ డస్ హలో బంగారం ధరలు కొంచెం పెరిగి కొంచెం తగ్గుతూ కొనసాగాయి ఉద్రిక్తతలు యుద్ధభయం డిమాండ్ సరఫరా మార్కులు పెట్టుబడిదారులను బంగారం వైపు ఆకర్షించేలా చేశాయి 24 క్యారెట్ బంగారం సుమారు 1,57,000.\r\nనుండి.\r\n1,58000.\r\nవద్ద.\r\n22.\r\nక్యారెట్.\r\nబంగారం.\r\nసుమారు.\r\n1,45,000.\r\nవద్ద.\r\nలేవుతో.\r\nఉంది.\r\nవెండి.\r\nధరలు.\r\nసుమారు.", "category": 1, "edition": 2, "reporter": 2, "received_from_edition": false, "status": "submitted", "page_number": null, "editor_comment": null, "edition_date": "2026-03-17", "created_at": "2026-03-17T10:46:43.199Z", "updated_at": "2026-03-17T10:46:43.199Z"}}, {"model": "news.article", "pk": 41, "fields": {"title": "దివ్యాంగులకు ఫ్రీ జర్నీ", "content": "అమల్లోకి.\r\nరానున్న.\r\nపథకం.\r\nప్రారంభించిన.\r\nసీఎం.\r\nపవన్.\r\nకళ్యాణ్.\r\nలోకేష్.\r\nమాధవ్.\r\nఆర్టీసీ.\r\nబస్సులో.\r\nమహిళలకు.\r\nఉచిత.\r\nప్రయాణ.\r\nసౌకర్యాన్ని.\r\nకల్పిస్తూ.\r\nతీసుకువచ్చిన.\r\nశ్రీ.\r\nశక్తి.\r\nపథకం.\r\nవిజయవంతమైంది.\r\nతాజాగా.\r\nరాష్ట్రంలోని.\r\nదివ్యాంగులకు.\r\nఆర్టీసీ.\r\nబస్సుల్లో.\r\nఉచిత.\r\nప్రయాణ.\r\nసౌకర్యాన్ని.\r\nకల్పిస్తూ.\r\nదివ్యాంగ.\r\nశక్తి.\r\nపథకాన్ని.\r\nకోటమే.\r\nప్రభుత్వం.\r\nతీసుకువచ్చింది.\r\nఈ.\r\nపథకాన్ని.\r\nరేపు.\r\nఅంటే.\r\nబుధవారం.\r\nఉగాది.\r\nపండుగ.\r\nకానుకగా.\r\nసీఎం.\r\nచంద్రబాబు.\r\nమంగళగిరిలో.\r\nప్రారంభించనున్నారు.\r\nఈ.\r\nకార్యక్రమంలో.\r\nడిప్యూటీ.\r\nసీఎం.\r\nపవన్.\r\nకళ్యాణ్.\r\nఐటి.\r\nమంత్రి.\r\nనారా.\r\nలోకేష్.\r\nఏపీ.\r\nబీజేపీ.\r\nచీఫ్.\r\nపివిఎన్.\r\nమాధవ్.\r\nతదితరులు.\r\nపాల్గొననున్నారు.", "category": 1, "edition": 2, "reporter": 2, "received_from_edition": false, "status": "submitted", "page_number": null, "editor_comment": null, "edition_date": "2026-03-17", "created_at": "2026-03-17T10:51:01.150Z", "updated_at": "2026-03-17T10:51:01.150Z"}}, {"model": "news.article", "pk": 42, "fields": {"title": "పేదల ఇంటికి కేంద్రం నిధులు ఒక్కో ఇంటికి 2.39 లక్షలు", "content": "ఏపీ ప్రజలకు కేంద్రం గుడ్ న్యూస్ ఆర్థిక సాయాన్ని పెంచుతూ నిర్ణయం కేంద్ర రాష్ట్ర ప్రభుత్వాల రాయితీ పావలా వడ్డీకి మరో 80\r\nవేల రూపాయలు ప్రభుత్వం భరిస్తుంది పెంచిన ధరల ప్రకారం చర్యలు ఉత్తర్వులు జారీ చేసిన గృహ నిర్మాణ శాఖ ఏపీలోని గ్రామీణ ప్రాంత\r\nప్రజలకు కేంద్ర ప్రభుత్వం శుభవార్త అందించింది ఆవాస్ యోజన గ్రామీణ పథకం కింద నిర్మించే పేదల ఇళ్లకు ఇచ్చే ఆర్థిక సహాయాన్ని\r\nపెంచుతూ కీలక నిర్ణయం తీసుకుంది ఇంటికి నిర్మాణానికి మొత్తం 2.\r\n39 లక్షలు అందజేయనున్నారు ఈ మేరకు రాష్ట్ర గృహ నిర్మాణ శాఖ\r\nఉత్తర్వులు జారీ చేసింది ఈ పథకం కింద కేంద్ర రాష్ట్ర ప్రభుత్వాలు కలిసి రెండో సున్న లక్షల రాయితీని అందిస్తాయి ఇందులో కేంద్ర\r\nప్రభుత్వ వాటా 60% గా 72,000", "category": 1, "edition": 2, "reporter": 2, "received_from_edition": false, "status": "submitted", "page_number": null, "editor_comment": null, "edition_date": "2026-03-17", "created_at": "2026-03-17T10:56:30.389Z", "updated_at": "2026-03-17T10:56:30.389Z"}}, {"model": "news.articleimage", "pk": 1, "fields": {"article": 3, "image": "article_images/flood.jpg", "caption": "A car in a flood", "uploaded_at": "2026-03-10T06:35:41.375Z"}}, {"model": "news.articleimage", "pk": 2, "fields": {"article": 4, "image": "article_images/rain1.jpg", "caption": "people in rains", "uploaded_at": "2026-03-10T06:58:21.401Z"}}, {"model": "news.articleimage", "pk": 3, "fields": {"article": 4, "image": "article_images/rain2.jpg", "caption": "roads in rain", "uploaded_at": "2026-03-10T06:58:21.408Z"}}, {"model": "news.articleimage", "pk": 4, "fields": {"article": 4, "image": "article_images/rain3.webp", "caption": "people strugle with heavy rains", "uploaded_at": "2026-03-10T06:58:21.415Z"}}, {"model": "news.articleimage", "pk": 5, "fields": {"article": 4, "image": "article_images/rian4.avif", "caption": "", "uploaded_at": "2026-03-10T06:58:21.421Z"}}, {"model": "news.articleimage", "pk": 6, "fields": {"article": 5, "image": "article_images/rain3_dyw1yug.webp", "caption": "It is raining", "uploaded_at": "2026-03-10T07:31:28.950Z"}}, {"model": "news.articleimage", "pk": 7, "fields": {"article": 6, "image": "article_images/rian4_KAdRI0h.avif", "caption": "water floating at drainage", "uploaded_at": "2026-03-10T07:38:07.790Z"}}, {"model": "news.articleimage", "pk": 8, "fields": {"article": 7, "image": "article_images/rain1_gxRs4Xz.jpg", "caption": "Heavy rains in Hyderabad", "uploaded_at": "2026-03-10T07:44:25.398Z"}}, {"model": "news.articleimage", "pk": 9, "fields": {"article": 9, "image": "article_images/rain2_Hh9rFjo.jpg", "caption": "rains in hyderabad", "uploaded_at": "2026-03-10T09:26:48.780Z"}}, {"model": "news.articleimage", "pk": 10, "fields": {"article": 10, "image": "article_images/rain3_h7oxRdz.webp", "caption": "", "uploaded_at": "2026-03-10T10:00:40.116Z"}}, {"model": "news.articleimage", "pk": 11, "fields": {"article": 11, "image": "article_images/tehran1.jpg", "caption": "", "uploaded_at": "2026-03-10T10:22:33.270Z"}}, {"model": "news.articleimage", "pk": 12, "fields": {"article": 12, "image": "article_images/brs1.jpg", "caption": "", "uploaded_at": "2026-03-11T06:08:37.486Z"}}, {"model": "news.articleimage", "pk": 13, "fields": {"article": 13, "image": "article_images/ts1.jpg", "caption": "", "uploaded_at": "2026-03-11T06:22:28.987Z"}}, {"model": "news.articleimage", "pk": 14, "fields": {"article": 18, "image": "article_images/rain1_85VuL1c.jpg", "caption": "", "uploaded_at": "2026-03-12T08:19:35.586Z"}}, {"model": "news.articleimage", "pk": 15, "fields": {"article": 18, "image": "article_images/rain2_7hp3AIS.jpg", "caption": "", "uploaded_at": "2026-03-12T08:19:35.593Z"}}, {"model": "news.articleimage", "pk": 16, "fields": {"article": 18, "image": "article_images/rain3_zCeNFsS.webp", "caption": "", "uploaded_at": "2026-03-12T08:19:35.600Z"}}, {"model": "news.articleimage", "pk": 17, "fields": {"article": 19, "image": "article_images/revanth1.jpg", "caption": "", "uploaded_at": "2026-03-12T10:44:12.811Z"}}, {"model": "news.articleimage", "pk": 18, "fields": {"article": 20, "image": "article_images/harish.jpg", "caption": "", "uploaded_at": "2026-03-13T07:50:47.504Z"}}, {"model": "news.articleimage", "pk": 19, "fields": {"article": 21, "image": "article_images/iraq.jpeg", "caption": "", "uploaded_at": "2026-03-13T09:53:00.093Z"}}, {"model": "news.articleimage", "pk": 20, "fields": {"article": 22, "image": "article_images/collector.jpg", "caption": "", "uploaded_at": "2026-03-13T09:54:52.183Z"}}, {"model": "news.articleimage", "pk": 21, "fields": {"article": 23, "image": "article_images/collector.jpg", "caption": "", "uploaded_at": "2026-03-13T10:17:46.580Z"}}, {"model": "news.articleimage", "pk": 22, "fields": {"article": 24, "image": "article_images/collector.jpg", "caption": "", "uploaded_at": "2026-03-13T10:18:19.999Z"}}, {"model": "news.articleimage", "pk": 23, "fields": {"article": 25, "image": "article_images/collector.jpg", "caption": "", "uploaded_at": "2026-03-13T10:54:54.137Z"}}, {"model": "news.articleimage", "pk": 24, "fields": {"article": 33, "image": "article_images/t1.png", "caption": "", "uploaded_at": "2026-03-17T07:39:50.065Z"}}, {"model": "news.articleimage", "pk": 25, "fields": {"article": 34, "image": "article_images/t2.jpg", "caption": "", "uploaded_at": "2026-03-17T07:41:26.512Z"}}, {"model": "news.articleimage", "pk": 26, "fields": {"article": 35, "image": "article_images/t3.png", "caption": "", "uploaded_at": "2026-03-17T07:43:07.901Z"}}, {"model": "news.articleversion", "pk": 1, "fields": {"article": 5, "title": "This is a test Article", "content": "This is a test Article. It is found heavy rains in Hyderabad. People are struggling like anything. ", "edited_by": 3, "edited_at": "2026-03-10T08:51:16.016Z"}}, {"model": "news.articleversion", "pk": 2, "fields": {"article": 5, "title": "This is a test Article", "content": "This is a test Article. It is found heavy rains in Hyderabad. People are struggling like anything. Some places people are struggling for food.", "edited_by": 3, "edited_at": "2026-03-10T08:52:02.202Z"}}, {"model": "news.articleversion", "pk": 3, "fields": {"article": 5, "title": "This is a test Article", "content": "This is a test Article. It is found heavy rains in Hyderabad. People are struggling like anything. Some places people are struggling for food. Some places few charities are supplying the food packets to the needy.", "edited_by": 4, "edited_at": "2026-03-10T08:53:32.167Z"}}, {"model": "news.articleversion", "pk": 4, "fields": {"article": 5, "title": "This is a test Article", "content": "This is a test Article. It is found heavy rains in Hyderabad. People are struggling like anything. Some places people are struggling for food. Some places few charities are supplying the food packets to the needy.", "edited_by": 4, "edited_at": "2026-03-10T08:54:31.353Z"}}, {"model": "news.articleversion", "pk": 5, "fields": {"article": 8, "title": "Test", "content": "Test aritcle", "edited_by": 3, "edited_at": "2026-03-10T09:11:22.593Z"}}, {"model": "news.articleversion", "pk": 6, "fields": {"article": 8, "title": "Test", "content": "Test aritcle. This is for editors review", "edited_by": 3, "edited_at": "2026-03-10T09:11:37.218Z"}}, {"model": "news.articleversion", "pk": 7, "fields": {"article": 8, "title": "Test", "content": "Test aritcle. This is for editors review. Eidtors review1", "edited_by": 4, "edited_at": "2026-03-10T09:12:17.113Z"}}, {"model": "news.articleversion", "pk": 8, "fields": {"article": 8, "title": "Test", "content": "Test aritcle. This is for editors review. Eidtors review1", "edited_by": 4, "edited_at": "2026-03-10T09:12:33.452Z"}}, {"model": "news.articleversion", "pk": 9, "fields": {"article": 9, "title": "Test2", "content": "This is a test article , filed by the reporter.", "edited_by": 3, "edited_at": "2026-03-10T10:01:37.689Z"}}, {"model": "news.articleversion", "pk": 10, "fields": {"article": 10, "title": "Test Article - 3", "content": "This is a test article for Sub Editor's review.", "edited_by": 3, "edited_at": "2026-03-10T10:17:24.722Z"}}, {"model": "news.articleversion", "pk": 11, "fields": {"article": 11, "title": "Test Article - 4", "content": "This is a test article for Sub Editors review.", "edited_by": 3, "edited_at": "2026-03-10T10:24:49.635Z"}}, {"model": "news.articleversion", "pk": 12, "fields": {"article": 11, "title": "Test Article - 4", "content": "This is a test article for Sub Editors review. THIS IS EDITED AND SUBMITING TO EDITORS APPROVAL", "edited_by": 4, "edited_at": "2026-03-10T10:26:34.749Z"}}, {"model": "news.articleversion", "pk": 13, "fields": {"article": 9, "title": "Test2", "content": "This is a test article , filed by the reporter. Now this is edited and submitted to Editor's review.", "edited_by": 3, "edited_at": "2026-03-10T10:39:52.708Z"}}, {"model": "news.articleversion", "pk": 14, "fields": {"article": 9, "title": "Test2", "content": "This is a test article , filed by the reporter. Now this is edited and submitted to Editor's review.", "edited_by": 4, "edited_at": "2026-03-10T10:41:01.405Z"}}, {"model": "news.articleversion", "pk": 15, "fields": {"article": 10, "title": "Test Article - 3", "content": "This is a test article for Sub Editor's review. It is Edited by the Sub Editor and sending to Editor's approval.", "edited_by": 3, "edited_at": "2026-03-10T11:06:53.077Z"}}, {"model": "news.articleversion", "pk": 16, "fields": {"article": 12, "title": "BRS | స్పీకర్ నిర్ణయంపై కేటీఆర్ ట్వీట్", "content": "ఆంధ్రప్రభ, వెబ్ డెస్క్ : పార్టీ ఫిరాయింపు ఎమ్మెల్యేలు దానం నాగేందర్, కడియం శ్రీహరిలకు స్పీకర్ గడ్డం ప్రసాద్ కుమార్ క్లీన్ చిట్ ఇవ్వడంపై బీఆర్ఎస్ వర్కింగ్ ప్రెసిడెంట్ కేటీఆర్ స్పందించారు. ఇది చీకటి రోజు అన్నారు.\r\n\r\nఇది ప్రజాస్వామ్యంపై బహిరంగ దాడి అన్నారు. బీఆర్ఎస్ బీఫామ్ మీద ఎమ్మెల్యేగా గెలిచి, కాంగ్రెస్ పార్టీ బీఫామ్ మీద ఎంపీగా పోటీ చేసిన వ్యక్తికే క్లీన్ చిట్ ఇవ్వడం అంటే ప్రజల తీర్పును అవమానించడమేనన్నారు. స్పీకర్ పార్టీ ఫిరాయింపులను ప్రోత్సహిస్తున్నారన్నారు. ఇది కేవలం ఒక తీర్పు కాదు… అధికారంలో ఉన్నవారికి అనుకూలంగా రాజ్యాంగ వ్యవస్థలను ఉపయోగించడమన్నారు. తెలంగాణ ప్రజలు అన్నీ గమనిస్తున్నారు… సరైన సమయంలో సమాధానం చెబుతారని కేటీఆర్ అన్నారు.", "edited_by": 3, "edited_at": "2026-03-11T06:09:47.540Z"}}, {"model": "news.articleversion", "pk": 17, "fields": {"article": 12, "title": "BRS | స్పీకర్ నిర్ణయంపై కేటీఆర్ ట్వీట్", "content": "ఆంధ్రప్రభ, వెబ్ డెస్క్ : పార్టీ ఫిరాయింపు ఎమ్మెల్యేలు దానం నాగేందర్, కడియం శ్రీహరిలకు స్పీకర్ గడ్డం ప్రసాద్ కుమార్ క్లీన్ చిట్ ఇవ్వడంపై బీఆర్ఎస్ వర్కింగ్ ప్రెసిడెంట్ కేటీఆర్ స్పందించారు. ఇది చీకటి రోజు అన్నారు.\r\nఇది ప్రజాస్వామ్యంపై బహిరంగ దాడి అన్నారు. బీఆర్ఎస్ బీఫామ్ మీద ఎమ్మెల్యేగా గెలిచి, కాంగ్రెస్ పార్టీ బీఫామ్ మీద ఎంపీగా పోటీ చేసిన వ్యక్తికే క్లీన్ చిట్ ఇవ్వడం అంటే ప్రజల తీర్పును అవమానించడమేనన్నారు. స్పీకర్ పార్టీ ఫిరాయింపులను ప్రోత్సహిస్తున్నారన్నారు. ఇది కేవలం ఒక తీర్పు కాదు… అధికారంలో ఉన్నవారికి అనుకూలంగా రాజ్యాంగ వ్యవస్థలను ఉపయోగించడమన్నారు. తెలంగాణ ప్రజలు అన్నీ గమనిస్తున్నారు, సరైన సమయంలో సమాధానం చెబుతారని కేటీఆర్ అన్నారు.", "edited_by": 3, "edited_at": "2026-03-11T06:10:04.606Z"}}, {"model": "news.articleversion", "pk": 18, "fields": {"article": 12, "title": "BRS | స్పీకర్ నిర్ణయంపై కేటీఆర్ ట్వీట్", "content": "ఆంధ్రప్రభ, వెబ్ డెస్క్ : పార్టీ ఫిరాయింపు ఎమ్మెల్యేలు దానం నాగేందర్, కడియం శ్రీహరిలకు స్పీకర్ గడ్డం ప్రసాద్ కుమార్ క్లీన్ చిట్ ఇవ్వడంపై బీఆర్ఎస్ వర్కింగ్ ప్రెసిడెంట్ కేటీఆర్ స్పందించారు. ఇది చీకటి రోజు అన్నారు.\r\nఇది ప్రజాస్వామ్యంపై బహిరంగ దాడి అన్నారు. బీఆర్ఎస్ బీఫామ్ మీద ఎమ్మెల్యేగా గెలిచి, కాంగ్రెస్ పార్టీ బీఫామ్ మీద ఎంపీగా పోటీ చేసిన వ్యక్తికే క్లీన్ చిట్ ఇవ్వడం అంటే ప్రజల తీర్పును అవమానించడమేనన్నారు. స్పీకర్ పార్టీ ఫిరాయింపులను ప్రోత్సహిస్తున్నారన్నారు. ఇది కేవలం ఒక తీర్పు కాదు… అధికారంలో ఉన్నవారికి అనుకూలంగా రాజ్యాంగ వ్యవస్థలను ఉపయోగించడమన్నారు. తెలంగాణ ప్రజలు అన్నీ గమనిస్తున్నారు, సరైన సమయంలో సమాధానం చెబుతారని కేటీఆర్ అన్నారు.", "edited_by": 3, "edited_at": "2026-03-11T06:10:11.279Z"}}, {"model": "news.articleversion", "pk": 19, "fields": {"article": 10, "title": "Test Article - 3", "content": "This is a test article for Sub Editor's review. It is Edited by the Sub Editor and sending to Editor's approval. This is updated", "edited_by": 3, "edited_at": "2026-03-11T06:11:06.583Z"}}, {"model": "news.articleversion", "pk": 20, "fields": {"article": 12, "title": "BRS | స్పీకర్ నిర్ణయంపై కేటీఆర్ ట్వీట్", "content": "ఆంధ్రప్రభ, వెబ్ డెస్క్ : పార్టీ ఫిరాయింపు ఎమ్మెల్యేలు దానం నాగేందర్, కడియం శ్రీహరిలకు స్పీకర్ గడ్డం ప్రసాద్ కుమార్ క్లీన్ చిట్ ఇవ్వడంపై బీఆర్ఎస్ వర్కింగ్ ప్రెసిడెంట్ కేటీఆర్ స్పందించారు. ఇది చీకటి రోజు అన్నారు.\r\nఇది ప్రజాస్వామ్యంపై బహిరంగ దాడి అన్నారు. బీఆర్ఎస్ బీఫామ్ మీద ఎమ్మెల్యేగా గెలిచి, కాంగ్రెస్ పార్టీ బీఫామ్ మీద ఎంపీగా పోటీ చేసిన వ్యక్తికే క్లీన్ చిట్ ఇవ్వడం అంటే ప్రజల తీర్పును అవమానించడమేనన్నారు. స్పీకర్ పార్టీ ఫిరాయింపులను ప్రోత్సహిస్తున్నారన్నారు. ఇది కేవలం ఒక తీర్పు కాదు… అధికారంలో ఉన్నవారికి అనుకూలంగా రాజ్యాంగ వ్యవస్థలను ఉపయోగించడమన్నారు. తెలంగాణ ప్రజలు అన్నీ గమనిస్తున్నారు, సరైన సమయంలో సమాధానం చెబుతారని కేటీఆర్ అన్నారు.", "edited_by": 4, "edited_at": "2026-03-11T06:11:55.346Z"}}, {"model": "news.articleversion", "pk": 21, "fields": {"article": 13, "title": "Telangana | క్లీన్ చిట్ ఇచ్చిన స్పీక‌ర్", "content": "ఆంధ్రప్రభ, వెబ్ డెస్క్ : తెలంగాణ రాజకీయ వర్గాల్లో గత కొంతకాలంగా సాగుతున్న ఉత్కంఠకు తెరపడింది. పార్టీ ఫిరాయింపు ఎమ్మెల్యేల కేసులో స్పీకర్ గడ్డం ప్రసాద్ సంచలన తీర్పు వెల్లడించారు. రాజకీయ ఉత్కంఠకు తెరదించుతూ ఎమ్మెల్యేలు దానం నాగేందర్, కడియం శ్రీహరిలకు క్లీన్ చిట్ ఇచ్చారు.\r\nఎమ్మెల్యేలు దానం నాగేందర్, కడియం శ్రీహరిలు పార్టీ మారారు అనడానికి సరైన ఆధారాలు లేవని స్పీకర్ గడ్డం ప్రసాద్ ప్రకటించారు. దీంతో ఇప్పటివరకు పార్టీ ఫిరాయింపు ఆరోపణలు ఎదుర్కొన్న 10మంది ఎమ్మెల్యేలకు స్పీకర్ క్లీన్ చిట్ ఇచ్చారు. ఇంతటితో స్పీకర్ పరిధిలో ఉన్న ఎమ్మెల్యేల ఫిరాయింపుల కేసుకు తెరపడింది.\r\nకాగా, పార్టీ ఫిరాయింపుల కేసులో ఇప్పటికే ఈ కేసులో ఎనిమిది మంది ఎమ్మెల్యేలకు స్పీకర్ క్లీన్ చిట్ ఇచ్చిన సంగతి తెలిసిందే. రేపటి వరకు ఫిరాయింపు కేసులో ఏదో ఒకటి తేల్చాలని గతంలో సుప్రీంకోర్టు గడువు విధించింది. సుప్రీంకోర్టు డెడ్ లైన్ నేపథ్యంలో ఇవాళ‌ స్పీకర్ ఈ తీర్పును వెల్లడించారు.", "edited_by": 3, "edited_at": "2026-03-11T06:23:02.598Z"}}, {"model": "news.articleversion", "pk": 22, "fields": {"article": 13, "title": "Telangana | క్లీన్ చిట్ ఇచ్చిన స్పీక‌ర్", "content": "ఆంధ్రప్రభ, వెబ్ డెస్క్ : తెలంగాణ రాజకీయ వర్గాల్లో గత కొంతకాలంగా సాగుతున్న ఉత్కంఠకు తెరపడింది. పార్టీ ఫిరాయింపు ఎమ్మెల్యేల కేసులో స్పీకర్ గడ్డం ప్రసాద్ సంచలన తీర్పు వెల్లడించారు. రాజకీయ ఉత్కంఠకు తెరదించుతూ ఎమ్మెల్యేలు దానం నాగేందర్, కడియం శ్రీహరిలకు క్లీన్ చిట్ ఇచ్చారు.\r\nఎమ్మెల్యేలు దానం నాగేందర్, కడియం శ్రీహరిలు పార్టీ మారారు అనడానికి సరైన ఆధారాలు లేవని స్పీకర్ గడ్డం ప్రసాద్ ప్రకటించారు. దీంతో ఇప్పటివరకు పార్టీ ఫిరాయింపు ఆరోపణలు ఎదుర్కొన్న 10మంది ఎమ్మెల్యేలకు స్పీకర్ క్లీన్ చిట్ ఇచ్చారు. ఇంతటితో స్పీకర్ పరిధిలో ఉన్న ఎమ్మెల్యేల ఫిరాయింపుల కేసుకు తెరపడింది.\r\nకాగా, పార్టీ ఫిరాయింపుల కేసులో ఇప్పటికే ఈ కేసులో ఎనిమిది మంది ఎమ్మెల్యేలకు స్పీకర్ క్లీన్ చిట్ ఇచ్చిన సంగతి తెలిసిందే. రేపటి వరకు ఫిరాయింపు కేసులో ఏదో ఒకటి తేల్చాలని గతంలో సుప్రీంకోర్టు గడువు విధించింది. సుప్రీంకోర్టు డెడ్ లైన్ నేపథ్యంలో ఇవాళ‌ స్పీకర్ ఈ తీర్పును వెల్లడించారు.", "edited_by": 4, "edited_at": "2026-03-11T06:23:31.843Z"}}, {"model": "news.articleversion", "pk": 23, "fields": {"article": 10, "title": "Test Article - 3", "content": "This is a test article for Sub Editor's review. It is Edited by the Sub Editor and sending to Editor's approval. This is updated. This was properly edited and sending for your Approval.", "edited_by": 4, "edited_at": "2026-03-11T09:33:03.431Z"}}, {"model": "news.articleversion", "pk": 24, "fields": {"article": 14, "title": "heavy rain lashed hyderabad city monday traffic jam many areas water logging", "content": "heavy rain lashed hyderabad city monday traffic jam many areas water logging. People are struggling like anything. Found the flooded water on roads.", "edited_by": 3, "edited_at": "2026-03-12T07:35:26.776Z"}}, {"model": "news.articleversion", "pk": 25, "fields": {"article": 15, "title": "వేధింపుల వల్లే అంటూ.. సూసైడ్ నోట్", "content": "ఆంధ్రప్రభ, వెబ్ డెస్క్ : ఎక్సైజ్‌ సీఐ జ్యోతి భర్త శ్రీనివాస్‌ ఆత్మహత్య చేసుకున్న ఘటన తెలంగాణలోని నేరేడ్‌మెట్‌లో చోటుచేసుకుంది. ఈ ఘటనకు సంబంధించి పోలీసులు తెలిపిన వివరాల ప్రకారం.. హైదరాబాద్ పరిధిలోని నేరేడ్‌మెట్ లక్ష్మీనగర్‌లో నివసించే నగెల్లి శ్రీనివాస్ (41) ప్రైవేట్ ఉద్యోగిగా పనిచేస్తున్నాడు. అతని స్వగ్రామం మంచిర్యాల జిల్లా మందమర్రి మండలం రామకృష్ణాపూర్.. శ్రీనివాస్ 2012లో సట్లపల్లి జ్యోతిని వివాహం చేసుకున్నాడు. వీరికి ఒక కుమారుడు ఉన్నాడు.\r\n\r\nభార్య గ్రూప్స్ పరీక్షలకు సిద్ధం కావడానికి శ్రీనివాస్ ప్రోత్సాహం అందించాడు. తర్వాత జ్యోతి ప్రభుత్వ ఉద్యోగం సాధించి ఎక్సైజ్ సీఐగా నియమితులయ్యింది. అయితే.. జ్యోతికి ఉద్యోగం వచ్చిన తర్వాత భర్తను దూరం పెట్టడమే కాకుండా, శ్రీనివాస్ కుటుంబ సభ్యులపై వరకట్న వేధింపుల కేసు, విడాకుల కేసు కూడా నమోదు చేసినట్లు సమాచారం.\r\n\r\nదీంతో గత నాలుగు నెలలుగా శ్రీనివాస్ భార్యకు దూరంగా ఉంటున్నాడు. కోర్టు కేసులు, భార్య వేధింపుల కారణంగా తీవ్ర మనస్తాపానికి గురైన శ్రీనివాస్ ‘భార్య వేధింపులు, కేసుల కారణంగా ఆత్మహత్య చేసుకుంటున్నాను’ అని సూసైడ్ నోట్ రాసి రాత్రి ఇంట్లో ఉరివేసుకుని ఆత్మహత్య చేసుకున్నాడు. శ్రీనివాస్ సోదరుడు శివకృష్ణ పోలీసులకు సమాచారం ఇచ్చారు. పోలీసులు ఘటనా స్థలానికి చేరుకుని వివరాలను సేకరించారు. సోదరుడి ఫిర్యాదు మేరకు శ్రీనివాస్ భార్య జ్యోతి పై కేసు నమోదు చేసి దర్యాప్తు చేస్తున్నారు.", "edited_by": 3, "edited_at": "2026-03-12T07:37:51.898Z"}}, {"model": "news.articleversion", "pk": 26, "fields": {"article": 15, "title": "Excise CI's Husband Commits Suicide in Telangana Amid Harassment and Legal Disputes", "content": "ఆంధ్రప్రభ, వెబ్ డెస్క్: తెలంగాణలోని నేరేడ్‌మెట్‌లో ఎక్సైజ్ సీఐ జ్యోతి భర్త శ్రీనివాస్ ఆత్మహత్య చేసుకున్న ఘటన చోటుచేసుకుంది. పోలీసులు తెలిపిన వివరాల ప్రకారం, హైదరాబాద్ పరిధిలోని నేరేడ్‌మెట్ లక్ష్మీనగర్‌లో నివసించే నగెల్లి శ్రీనివాస్ (41) ప్రైవేట్ ఉద్యోగిగా పనిచేస్తున్నాడు. అతని స్వగ్రామం మంచిర్యాల జిల్లా మందమర్రి మండలం రామకృష్ణాపూర్. శ్రీనివాస్ 2012లో సట్లపల్లి జ్యోతిని వివాహం చేసుకున్నాడు. వీరికి ఒక కుమారుడు ఉన్నాడు.\r\n\r\nభార్య జ్యోతి గ్రూప్స్ పరీక్షలకు సిద్ధం కావడానికి శ్రీనివాస్ ప్రోత్సాహం అందించాడు. తర్వాత జ్యోతి ప్రభుత్వ ఉద్యోగం పొందింది మరియు ఎక్సైజ్ సీఐగా నియమితురాలైంది. అయితే, జ్యోతికి ఉద్యోగం వచ్చిన తర్వాత ఆమె భర్తను దూరంగా ఉంచడమే కాకుండా, శ్రీనివాస్ కుటుంబ సభ్యులపై వరకట్న వేధింపుల కేసు మరియు విడాకుల కేసు కూడా నమోదు చేసినట్లు సమాచారం.\r\n\r\nదీంతో గత నాలుగు నెలలుగా శ్రీనివాస్ భార్యకు దూరంగా ఉంటున్నాడు. కోర్టు కేసులు మరియు భార్య వేధింపుల కారణంగా తీవ్ర మనస్తాపానికి గురైన శ్రీనివాస్, “భార్య వేధింపులు, కేసుల కారణంగా ఆత్మహత్య చేసుకుంటున్నాను” అని సూసైడ్ నోట్ రాసి రాత్రి ఇంట్లో ఉరివేసుకుని ఆత్మహత్య చేసుకున్నాడు. శ్రీనివాస్ సోదరుడు శివకృష్ణ పోలీసులకు సమాచారం అందించారు. పోలీసులు ఘటన స్థలానికి చేరుకుని వివరాలు సేకరించారు. సోదరుడి ఫిర్యాదు మేరకు శ్రీనివాస్ భార్య జ్యోతి పై కేసు నమోదు చేసి దర్యాప్తు చేస్తున్నారు.", "edited_by": 3, "edited_at": "2026-03-12T07:44:41.157Z"}}, {"model": "news.articleversion", "pk": 27, "fields": {"article": 16, "title": "కదిరి లక్ష్మీ నరసింహునికి దాసోహమంటూ పురాణపండ శ్రీమాలిక సమర్పణ!", "content": "బాలకృష్ణ , బొల్లినేని కి కృతజ్ఞతలు తెలిపిన ఈ.ఓ శ్రీనివాసరెడ్డి\r\n\r\nహైద‌రాబాద్‌, ఆంధ్ర‌ప్ర‌భ : కోట్లాది భక్తుల పాలిటకల్పవృక్ష దేవాలయంగా భాసిల్లుతున్న శతాబ్దాలనాటి కదిరి మహా నృసింహ క్షేత్రంలో గత వారం రోజులుగా జరుగుతున్న బ్రహ్మోత్సవాల సందర్భంలో ప్రముఖ రచయిత, శ్రీశైల దేవస్థానం పూర్వ ప్రత్యేక సలహాదారులు పురాణపండ శ్రీనివాస్ అపురూప రచనా సంకలమైన శ్రీమాలిక వంటి నాలుగు వందల పేజీల మహోజ్వల మంత్ర స్తోత్ర కథా వైభవాల అఖండ గ్రంధాన్ని వందల కొలది ప్రతులను ఉభయ దాతలకు, భక్తులకు, రాజకీయ సాంస్కృతిక రంగాల ప్రముఖులకు పంచేందుకు దేవస్థానానికి సమర్పించిన మాజీమంత్రి, కిమ్స్ హాస్పటల్స్ ఫౌండర్ చైర్మన్ బొల్లినేని కృష్ణయ్య కు ఖాద్రి లక్ష్మీ నరసింహ స్వామి అనుగ్రహం ఉంటుందని దేవస్థానం డిప్యూటీ కమీషనర్ వెండిదండి శ్రీనివాసరెడ్డి పేర్కొన్నారు.\r\nఖాద్రి లక్ష్మీ నరసింహస్వామి బ్రహ్మోత్సవాల సందర్భంగా దేవస్థాన కార్యాలయంలో ఆయన శ్రీమాలిక పవిత్ర గ్రంధాన్ని ఆవిష్కరించి ఆలయ అర్చకులకు, వేదపండితులకు అందజేశారు.\r\nఈ సందర్భంగా శ్రీనివాసరెడ్డి మాట్లాడుతూ మాహావతారమైన నృసింహావిర్భావఘట్టం అద్భుతమైన కథతో పాటు వేంకటాచలక్షేత్రమైన తిరుమల వైభవ వైభోగ విశేష కధనాలు, ఋషుల వరప్రసాదంగా అందిన స్తోత్రాలకు రమణీయ కమనీయ వ్యాఖ్యానాలు పురాణపండ శ్రీనివాస్ ఎంతో పవిత్రంగా, అందంగా అందించి భక్త జనహృదయాలను కొల్లగొట్టారని అభినందించారు.\r\nఈ దివ్య గ్రంథ శ్రీకార్యాన్ని బలపరిచి ప్రోత్సహించిన హిందూపూర్ శాసన సభ్యులు, పద్మభూషణ్ నందమూరి బాలకృష్ణ , వారాహి చలన చిత్రం అధినేత సాయి కొర్రపాటిలకు వెండిదండి శ్రీనివాసరెడ్డి కృతజ్ఞతలు తెలిపారు.\r\nగతంలో నందమూరి బాలకృష్ణ ప్రోత్సాహంతో వారాహి చలన చిత్రం అధినేత సాయి కొర్రపాటి సమర్పించిన ‘ శరణు … శరణు ‘ మహోజ్వలమైన లక్ష్మీ నరసింహ స్వామి వందల కొలది భారీ గ్రంధాలను తిరుమల, కదిరి, సింహాచలం క్షేత్రాలకు భక్త జనులకు, పాఠకులకు, పండిత వర్గాలకు అందజేసినట్లు ఆలయ వర్గాలు తెలిపాయి.\r\n\r\nఇప్పటికే ఇంద్రకీలాద్రి, వేంకటాద్రి, యాదాద్రి, శ్రీశైలం, అన్నవరం వంటి అనేక క్షేత్రాలలో గత రెండు దశాబ్దాలుగా పురాణపండ శ్రీనివాస్ రచనలు, సంకలనాలు అనేక ధార్మిక పారమార్ధిక గ్రంధాల రూపంలో లక్షలాది భక్తులను అలరిస్తున్నాయనేది స్పష్టమైన సత్యం.", "edited_by": 3, "edited_at": "2026-03-12T07:50:25.018Z"}}, {"model": "news.articleversion", "pk": 28, "fields": {"article": 16, "title": "శతాబ్దాపురాణ కదిరి మహా నృసింహ క్షేత్రంలో శ్రీనివాసరెడ్డికి బాలకృష్ణ, బొల్లినేని కృతజ్ఞతలు ప్రకటించిన బ్రహ్మోత్సవాలు", "content": "బాలకృష్ణ, బొల్లినేని వారికి కృతజ్ఞతలు తెలిపిన ఈ.ఓ. శ్రీనివాసరెడ్డి\r\n\r\nహైదరాబాద్, ఆంధ్రప్రభ: కోట్లాది భక్తులకు పాలిటకల్పవృక్ష దేవాలయంగా ప్రసిద్ది పొందిన శతాబ్దాపురాణ కదిరి మహా నృసింహ క్షేత్రంలో ఇటీవలగా నిర్వహించిన బ్రహ్మోత్సవాల సందర్భంగా ప్రముఖ రచయిత, శ్రీశైలం దేవస్థానం మాజీ ప్రత్యేక సలహాదారు పురాణపండిత శ్రీనివాస్ అద్భుత రచనా సంకలనం ‘శ్రీమాలిక’తో సహా నాలుగువందల పేజీల మహోజ్వల మంత్ర-స్తోత్ర కథా వైభవాల అఖండ గ్రంధాన్ని వందల కొలది ప్రతులను భక్తులకు, దాతలకు మరియు రాజకీయ, సాంస్కృతిక రంగాల ప్రముఖులకు పంచేందుకు దేవస్థానానికి సమర్పించారు. ఈ కార్యక్రమంలో భాగంగా, మాజీ మంత్రి, కిమ్స్ హాస్పిటల్స్ ఫౌండర్ మరియు ఛైర్మన్ అయిన బొల్లినేని కృష్ణయ్యకు ఖాద్రి లక్ష్మీ నరసింహ స్వామి ఏర్పాట్ల ద్వారా అనుగ్రహం కలిగిందని దేవస్థానం డిప్యూటీ కమిషనర్ వెండిదండి శ్రీనివాసరెడ్డి తెలిపారు.\r\n\r\nఖాద్రి లక్ష్మీ నరసింహ స్వామి బ్రహ్మోత్సవాల సందర్భంగా దేవస్థాన కార్యాలయంలో శ్రీనివాస్ రచించిన పవిత్ర ‘శ్రీమాలిక’ గ్రంధాన్ని ఆవిష్కరించి, ఆలయ అర్చకులకు, వేదపండితులకు అందజేశారు.\r\n\r\nఈ సందర్భంలో, శ్రీనివాసరెడ్డి తెలిపిన మాటల్లో, మహావతారమైన నృసింహావిర్భావఘట్టం అద్భుత కథతో పాటు, వేంకటాచలక్షేత్రమైన తిరుమల వైభవ విశేష కథనాలు, ఋషుల వరప్రసాదంగా అందిన స్తోత్రాలకు రమణీయ, కమనీయ వ్యాఖ్యానాలు కలగలిపి పురాణపండిత శ్రీనివాస్ ఎంతో పవిత్రంగా, అందంగా భక్తుల హృదయాలను గెలుచుకున్నారని అభినందించారు.\r\n\r\nఈ దివ్య గ్రంధ రచనను బలపరిచి ప్రోత్సహించిన హిందూపూర్ శాసన సభ్యులు, పద్మభూషణ్ నందమూరి బాలకృష్ణ మరియు వారాహి చలన చిత్రం అధినేత సాయి కొర్రపాటిలకు వెండిదండి శ్రీనివాసరెడ్డి కృతజ్ఞతలు తెలిపారు.\r\n\r\nగతంలోనూ నందమూరి బాలకృష్ణ ప్రోత్సాహంతో, వారాహి చిత్రం అధినేత సాయి కొర్రపాటి సమర్పించిన ‘శరణు… శరణు’ మహోజ్వల లక్ష్మీ నరసింహ స్వామి వందల కొలిది భారీ గ్రంథాలను తిరుమల, కదిరి, సింహాచలం క్షేత్రాలకు, భక్తులకు, పాండిత్య వర్గాలకు అందజేసినట్లు ఆలయ వర్గాలు తెలిపాయి.\r\n\r\nఇప్పటికే ఇంద్రకీలాద్రి, వేంకటాద్రి, యాదాద్రి, శ్రీశైలం, అన్నవరం వంటి అనేక క్షేత్రాలలో జనరనాటి పురాణపండిత శ్రీనివాస్ రచనలు, సంకలనాలు అనేక ధార్మిక, పారమార్థిక గ్రంథాల రూపంలో రెండు దశాబ్దాలుగా లక్షలాది భక్తులను అలరిస్తున్నవి అనే సత్యం స్పష్టమైంది.", "edited_by": 3, "edited_at": "2026-03-12T08:03:47.497Z"}}, {"model": "news.articleversion", "pk": 29, "fields": {"article": 16, "title": "హైదరాబాద్‌లో భారీ వర్షాలు: రోడ్లు నీటమునిగి ట్రాఫిక్ క్షతగాత్రం, GHMC అప్రమత్తం", "content": "**హైదరాబాద్‌లో భారీ వర్షాలు: రోడ్లు నీటమునిగిన పరిస్థితులు, ట్రాఫిక్ క్షతగాత్రం**\r\n\r\nహైదరాబాద్ నగరంలో భారీ వర్షాలు కురిశాయి. ఈ వానల కారణంగా నగరంలోని అనేక రోడ్లు నీటమునిగాయి, కారణంగా సాధారణ ప్రయాణాలు తీవ్రంగా దెబ్బతిన్నాయి. వెన్నగా మారిన నగర రహదారులు ట్రాఫిక్ జాములకు కారణమయ్యాయి.\r\n\r\nGHMC అధికారులు తక్షణమే అప్రమత్తమై, పరిస్థితులను పరిష్కరించేందుకు చర్యలు చేపడుతున్నట్లు సమాచారం. ప్రయాణికులు సావధానంగా ఉండాలని అధికారులు సూచిస్తున్నారు.\r\n\r\nభారీ వర్షాల కారణంగా మరిన్ని గాలు బాధలు చోటు చేసుకోవచ్చని గుర్తుచేసుకుని ప్రజలు జాగ్రత్తగా ఉండాలని విజ్ఞప్తి చేశారు.", "edited_by": 4, "edited_at": "2026-03-12T08:22:27.479Z"}}, {"model": "news.articleversion", "pk": 30, "fields": {"article": 19, "title": "నెట్‌ఫ్లిక్స్‌ను హైదరాబాద్కు ఆహ్వానిస్తున్నాం, హాలీవుడ్ నగరానికి సమానంగా మారుస్తాం : సీఎం రేవంత్‌ రెడ్డి", "content": "Revanth Reddy | ఆంధ్రప్రభ, వెబ్ డెస్క్ : నెట్‌ఫ్లిక్స్‌ను హైదరాబాద్‌కు ఆహ్వానిస్తున్నామని సీఎం రేవంత్‌రెడ్డి అన్నారు. హైటెక్ సిటీలోని నెట్ ఫ్లిక్స్ కు చెందిన ఐలైన్ స్టూడియోస్ కార్యాలయాన్ని సీఎం రేవంత్ రెడ్డి అన్నారు. ఈసందర్భంగా ఆయన మాట్లాడుతూ… కాంగ్రెస్ ప్రభుత్వం అన్ని విధాలుగా సహకరిస్తుందన్నారు.\r\nతనకు బాల్యం నుంచే సినిమాలు అంటే ఇష్టమన్నారు. చెన్నై నుంచి హైదరాబాద్‌కు ఫిల్మ్‌ ఇండస్ట్రీని తీసుకువచ్చారన్నారు. నెట్‌ఫ్లిక్స్‌ హైదరాబాద్‌కు వచ్చిందంటే హాలీవుడ్ నగరానికి వచ్చినట్లేనన్నారు. నెట్‌ఫ్లిక్స్‌ కార్పొరేట్‌ ఆఫీస్‌కు భూమిని ఇవ్వాలని మంత్రిని ఆదేశిస్తున్నానన్నారు.", "edited_by": 3, "edited_at": "2026-03-12T10:48:31.653Z"}}, {"model": "news.articleversion", "pk": 31, "fields": {"article": 19, "title": "నెట్‌ఫ్లిక్స్‌ను హైదరాబాద్కు ఆహ్వానిస్తున్నాం, హాలీవుడ్ నగరానికి సమానంగా మారుస్తాం : సీఎం రేవంత్‌ రెడ్డి", "content": "Revanth Reddy | ఆంధ్రప్రభ, వెబ్ డెస్క్ : నెట్‌ఫ్లిక్స్‌ను హైదరాబాద్‌కు ఆహ్వానిస్తున్నామని సీఎం రేవంత్‌రెడ్డి అన్నారు. హైటెక్ సిటీలోని నెట్ ఫ్లిక్స్ కు చెందిన ఐలైన్ స్టూడియోస్ కార్యాలయాన్ని సీఎం రేవంత్ రెడ్డి అన్నారు. ఈసందర్భంగా ఆయన మాట్లాడుతూ… కాంగ్రెస్ ప్రభుత్వం అన్ని విధాలుగా సహకరిస్తుందన్నారు.\r\nతనకు బాల్యం నుంచే సినిమాలు అంటే ఇష్టమన్నారు. చెన్నై నుంచి హైదరాబాద్‌కు ఫిల్మ్‌ ఇండస్ట్రీని తీసుకువచ్చారన్నారు. నెట్‌ఫ్లిక్స్‌ హైదరాబాద్‌కు వచ్చిందంటే హాలీవుడ్ నగరానికి వచ్చినట్లేనన్నారు. నెట్‌ఫ్లిక్స్‌ కార్పొరేట్‌ ఆఫీస్‌కు భూమిని ఇవ్వాలని మంత్రిని ఆదేశిస్తున్నానన్నారు.", "edited_by": 4, "edited_at": "2026-03-12T10:49:19.246Z"}}, {"model": "news.articleversion", "pk": 32, "fields": {"article": 20, "title": "రాహుల్‌గాంధీకి హరీశ్‌రావు లేఖ", "content": "ఆంధ్రప్రభ, వెబ్ డెస్క్ : కాంగ్రెస్ అగ్రనేత రాహుల్‌గాంధీకి మాజీ మంత్రి, బీఆర్ఎస్ ఎమ్మెల్యే హరీశ్‌రావు లేఖ రాశారు. పార్టీ ఫిరాయింపుల విషయంలో రాహుల్‌గాంధీ వైఖరిని ప్రశ్నిస్తూ ఆయన లేఖ రాశారు.\r\n\r\nపార్టీ ఫిరాయింపు నిరోధక చట్టాన్ని బలోపేతం చేస్తామన్నారు, ప్రజాస్వామ్య వ్యవస్థలను కాపాడతామని మేనిఫెస్టోలో చెప్పారని హరీశ్‌రావు ప్రశ్నించారు. రాహుల్‌గాంధీ రాజ్యాంగం చేతబట్టి దేశవ్యాప్తంగా నీతిసూత్రాలు చెప్తారు… కాంగ్రెస్ అధికారంలో ఉన్నతెలంగాణలో మాత్రం మరోలా వ్యవహరిస్తున్నారన్నారు.\r\n\r\nరాజ్యాంగాన్ని కాంగ్రెస్ పార్టీ రక్షించడమంటే ఇదేనా? అని హరీశ్‌రావు ప్రశ్నించారు. దేశవ్యాప్తంగా రాహుల్‌గాంధీ బోధించే రాజ్యాంగ నైతికత ఇదేనా?, ఫిరాయింపుల నిరోధకచట్టాన్ని అవకాశవాదం కోసం వాడుకుంటున్నారని హరీశ్‌రావు లేఖలో పేర్కొన్నారు.", "edited_by": 3, "edited_at": "2026-03-13T07:51:17.720Z"}}, {"model": "news.articleversion", "pk": 33, "fields": {"article": 20, "title": "రాహుల్‌గాంధీకి హరీశ్‌రావు లేఖ", "content": "ఆంధ్రప్రభ, వెబ్ డెస్క్ : కాంగ్రెస్ అగ్రనేత రాహుల్‌గాంధీకి మాజీ మంత్రి, బీఆర్ఎస్ ఎమ్మెల్యే హరీశ్‌రావు లేఖ రాశారు. పార్టీ ఫిరాయింపుల విషయంలో రాహుల్‌గాంధీ వైఖరిని ప్రశ్నిస్తూ ఆయన లేఖ రాశారు.\r\nపార్టీ ఫిరాయింపు నిరోధక చట్టాన్ని బలోపేతం చేస్తామన్నారు, ప్రజాస్వామ్య వ్యవస్థలను కాపాడతామని మేనిఫెస్టోలో చెప్పారని హరీశ్‌రావు ప్రశ్నించారు. రాహుల్‌గాంధీ రాజ్యాంగం చేతబట్టి దేశవ్యాప్తంగా నీతిసూత్రాలు చెప్తారు… కాంగ్రెస్ అధికారంలో ఉన్నతెలంగాణలో మాత్రం మరోలా వ్యవహరిస్తున్నారన్నారు.\r\nరాజ్యాంగాన్ని కాంగ్రెస్ పార్టీ రక్షించడమంటే ఇదేనా? అని హరీశ్‌రావు ప్రశ్నించారు. దేశవ్యాప్తంగా రాహుల్‌గాంధీ బోధించే రాజ్యాంగ నైతికత ఇదేనా?, ఫిరాయింపుల నిరోధకచట్టాన్ని అవకాశవాదం కోసం వాడుకుంటున్నారని హరీశ్‌రావు లేఖలో పేర్కొన్నారు.", "edited_by": 4, "edited_at": "2026-03-13T07:51:33.368Z"}}, {"model": "news.articleversion", "pk": 34, "fields": {"article": 22, "title": "ఫర్టిలైజర్ షాపులను తనిఖీ చేసిన కలెక్టర్", "content": "వికారాబాద్, ఆంధ్రప్రభ : వికారాబాద్ జిల్లాలో రైతులకు ఎరువులు సమయానికి అందుబాటులో ఉండేలా ప్రభుత్వం ప్రవేశపెట్టిన యూరియా యాప్ అమలు తీరును జిల్లా కలెక్టర్ దీపక్ తివారి పరిశీలించారు.\r\nఈ సందర్భంగా జిల్లా వ్యవసాయ అధికారి రాజరత్నం, వ్యవసాయ శాఖ అసిస్టెంట్ డైరెక్టర్ వెంకటేశం, (టెక్నికల్) సుందీప్, మరియు మండల వ్యవసాయ అధికారి వికారాబాద్ శ్రీమతి జి. ప్రసన్న లక్ష్మి తదితర అధికారులు పాల్గొన్నారు.\r\nజిల్లాలో ఎరువుల నిల్వలు, సరఫరా మరియు రైతులకు విక్రయాల వివరాలను యూరియా యాప్ ద్వారా సమీక్షిస్తూ కలెక్టర్ పరిశీలన నిర్వహించారు. ఈ సందర్భంగా వికారాబాద్‌లోని లక్ష్మీనారాయణ ఏజెన్సీస్ మరియు గుల్షన్ బ్రదర్స్ ఎరువుల డీలర్ అవుట్‌లెట్లను కలెక్టర్ గారు సందర్శించి యూరియా నిల్వలు మరియు విక్రయాల నమోదును పరిశీలించారు\r\nయూరియా యాప్ ఎలా పనిచేస్తుంది ఎరువుల డీలర్లు తమ దుకాణాలలో ఉన్న యూరియా నిల్వలను యాప్‌లో నమోదు చేస్తారూ. రైతులకు విక్రయించే ప్రతి యూరియా సంచిని యాప్‌లో నమోదు చేయడం ద్వారా విక్రయాల వివరాలు నమోదు అవుతాయఈ సమాచారం జిల్లా మరియు రాష్ట్ర స్థాయి అధికారులకు తక్షణమే అందుబాటులో ఉంటుందిదీని ద్వారా ఎరువుల నిల్వలు, సరఫరా పరిస్థితులు మరియు పంపిణీపై సమర్థవంతమైన పర్యవేక్షణ జరుగుతుంది.\r\nఈ సందర్భంగా జిల్లా కలెక్టర్ దీపక్ తివారి మాట్లాడుతూ జిల్లాలో రైతులకు ఎలాంటి ఇబ్బందులు లేకుండా ఎరువుల సరిపడా నిల్వలు ఉండేలా అన్ని డీలర్లు మరియు వ్యవసాయ అధికారులు ప్రత్యేక దృష్టి పెట్టాలని ఆదేశించారు. ఎరువుల సరఫరా మరియు పంపిణీపై నిరంతరం పర్యవేక్షణ కొనసాగించాలని తెలిపారు. జిల్లాలో ఎరువుల అందుబాటుపై వ్యవసాయ శాఖ అధికారులు నిరంతరం పర్యవేక్షణ కొనసాగిస్తారని తెలిపారు.", "edited_by": 3, "edited_at": "2026-03-13T10:03:13.015Z"}}, {"model": "news.articleversion", "pk": 35, "fields": {"article": 27, "title": "test ariticle - 2", "content": "This is a test article created by sub editor", "edited_by": 4, "edited_at": "2026-03-14T20:53:02.429Z"}}, {"model": "news.articleversion", "pk": 36, "fields": {"article": 29, "title": "Test article - 4", "content": "This is a test article from Reporter", "edited_by": 3, "edited_at": "2026-03-14T20:57:38.007Z"}}, {"model": "news.articleversion", "pk": 37, "fields": {"article": 30, "title": "Test - 5", "content": "This is a test article by editor.", "edited_by": 3, "edited_at": "2026-03-14T21:32:14.250Z"}}, {"model": "news.articleversion", "pk": 38, "fields": {"article": 30, "title": "Test - 5", "content": "This is a test article by editor.", "edited_by": 4, "edited_at": "2026-03-14T21:32:30.449Z"}}, {"model": "news.articleversion", "pk": 39, "fields": {"article": 31, "title": "యుద్ధ భయంలోనూ చైనా-ఇరాన్ చమురు సరఫరా అప్రమత్తంగా కొనసాగుతోంది", "content": "### చైనా నిర్లక్ష్యంగా.. ఇరాన్ చమురు సరఫరా ఆగడం లేదు\r\n\r\n**ప్రపంచం యుద్ధ భయంతో వణికిపోతున్నా, చైనా మాత్రం తన అవసరాల కోసం ఇరాన్ నుంచి చమురు దిగుమతులను నిరాటంకంగా కొనసాగిస్తోంది.**\r\n\r\nఇరాన్-చైనా మధ్య ముడి చమురు సరఫరా యుద్ధ పరిస్థితుల్లో కూడా ఆగలేదు. యుద్ధం ప్రారంభమైనప్పటి నుంచి ఇరాన్ సుమారు 11.7 మిలియన్ బారెళ్ల ముడి చమురును హర్మూజ్ జలసంధి ద్వారా విజయవంతంగా చైనాకు తరలించింది. ఈ సరఫరా అంతరాయం లేకుండా కొనసాగుతుండటంతో ఇరాన్‌కు భారీ ఆర్థిక లాభాలు లభిస్తున్నాయి. యుద్ధంలో ఉన్న ఇరాన్‌కు చమురు విక్రయాల ద్వారా వచ్చిన ఆదాయం ఆ దేశానికి అతిపెద్ద ఆర్థిక మద్దతుగా మారింది.\r\n\r\nప్రపంచంలో యుద్ధ పరిస్థితులు, ఆర్థిక制ంకణాలు ఉన్నా కూడా చైనా తన అవసరాలకు తగిన విధంగా చమురును సురక్షితంగా దిగుమతి చేసుకుంటోంది. హర్మూజ్ జలసంధి ద్వారా ఇరాన్ నుంచి చమురు సరఫరా కొనసాగుతుండటంతో చైనాకు ఇంధన కొరత ఎలాంటి ప్రభావం చూపడం లేదు. ఇదే సమయంలో యుద్ధంలో ఉన్న ఇరాన్‌కు డబ్బు ప్రవాహం కొనసాగుతోంది.\r\n\r\nప్రపంచవ్యాప్తంగా అనేక దేశాలు ఇరాన్‌పై ఆర్థిక制ంకణాలు విధిస్తున్నా, చైనా మాత్రం తన వ్యాపార ప్రయోజనాలను కొనసాగిస్తోంది. హర్మూజ్ జలసంధి ద్వారా జరిగే చమురు రవాణా అంతర్జాతీయ ప్రాముఖ్యతను కూడా ఇది హైలైట్ చేస్తోంది. గతంలో కూడా ఇరాన్-చైనా మధ్య ఇంధన సంబంధాలు బలంగా ఉన్నప్పటికీ, యుద్ధం నేపథ్యంలో ఇవి మరింత కీలకంగా మారాయి.\r\n\r\nమొత్తానికి, ప్రపంచం యుద్ధ భయంతో ఉక్కిరిబిక్కిరి అవుతున్నా, చైనా మాత్రం తన అవసరాలకు అనుగుణంగా ఇరాన్ నుంచి చమురును దిగుమతి చేసుకుంటూ, ఇరాన్‌కు కీలక ఆర్థిక మద్దతునిస్తూ ముందుకు సాగుతోంది.", "edited_by": 3, "edited_at": "2026-03-17T06:14:05.896Z"}}, {"model": "news.articleversion", "pk": 40, "fields": {"article": 31, "title": "యుద్ధ భయంలోనూ చైనా-ఇరాన్ చమురు సరఫరా అప్రమత్తంగా కొనసాగుతోంది", "content": "### చైనా నిర్లక్ష్యంగా.. ఇరాన్ చమురు సరఫరా ఆగడం లేదు\r\n\r\n**ప్రపంచం యుద్ధ భయంతో వణికిపోతున్నా, చైనా మాత్రం తన అవసరాల కోసం ఇరాన్ నుంచి చమురు దిగుమతులను నిరాటంకంగా కొనసాగిస్తోంది.**\r\n\r\nఇరాన్-చైనా మధ్య ముడి చమురు సరఫరా యుద్ధ పరిస్థితుల్లో కూడా ఆగలేదు. యుద్ధం ప్రారంభమైనప్పటి నుంచి ఇరాన్ సుమారు 11.7 మిలియన్ బారెళ్ల ముడి చమురును హర్మూజ్ జలసంధి ద్వారా విజయవంతంగా చైనాకు తరలించింది. ఈ సరఫరా అంతరాయం లేకుండా కొనసాగుతుండటంతో ఇరాన్‌కు భారీ ఆర్థిక లాభాలు లభిస్తున్నాయి. యుద్ధంలో ఉన్న ఇరాన్‌కు చమురు విక్రయాల ద్వారా వచ్చిన ఆదాయం ఆ దేశానికి అతిపెద్ద ఆర్థిక మద్దతుగా మారింది.\r\nప్రపంచంలో యుద్ధ పరిస్థితులు, ఆర్థికకణాలు ఉన్నా కూడా చైనా తన అవసరాలకు తగిన విధంగా చమురును సురక్షితంగా దిగుమతి చేసుకుంటోంది. హర్మూజ్ జలసంధి ద్వారా ఇరాన్ నుంచి చమురు సరఫరా కొనసాగుతుండటంతో చైనాకు ఇంధన కొరత ఎలాంటి ప్రభావం చూపడం లేదు. ఇదే సమయంలో యుద్ధంలో ఉన్న ఇరాన్‌కు డబ్బు ప్రవాహం కొనసాగుతోంది.\r\nప్రపంచవ్యాప్తంగా అనేక దేశాలు ఇరాన్‌పై ఆర్థికకణాలు విధిస్తున్నా, చైనా మాత్రం తన వ్యాపార ప్రయోజనాలను కొనసాగిస్తోంది. హర్మూజ్ జలసంధి ద్వారా జరిగే చమురు రవాణా అంతర్జాతీయ ప్రాముఖ్యతను కూడా ఇది హైలైట్ చేస్తోంది. గతంలో కూడా ఇరాన్-చైనా మధ్య ఇంధన సంబంధాలు బలంగా ఉన్నప్పటికీ, యుద్ధం నేపథ్యంలో ఇవి మరింత కీలకంగా మారాయి.\r\nమొత్తానికి, ప్రపంచం యుద్ధ భయంతో ఉక్కిరిబిక్కిరి అవుతున్నా, చైనా మాత్రం తన అవసరాలకు అనుగుణంగా ఇరాన్ నుంచి చమురును దిగుమతి చేసుకుంటూ, ఇరాన్‌కు కీలక ఆర్థిక మద్దతునిస్తూ ముందుకు సాగుతోంది.", "edited_by": 3, "edited_at": "2026-03-17T06:15:21.598Z"}}, {"model": "news.articleversion", "pk": 41, "fields": {"article": 33, "title": "క్రికెట్ ఫ్యాన్స్‌లో భారీ ఉత్సాహం!", "content": "IPL2026 | ఐపీఎల్ 2026 ప్రారంభం… భారీ అంచనాలు\r\nస్టార్ ప్లేయర్ల పోరు… ఫ్యాన్స్‌లో ఎక్సైట్మెంట్\r\nఎమోషనల్ టచ్… ధోనీపై చర్చలు\r\nహై టెన్షన్ మ్యాచ్‌లు… షెడ్యూల్ స్పెషల్\r\nఆటగాళ్ల సన్నాహాలు… కఠిన పోటీకి రెడీ\r\nIPL2026 | ఆంధ్రప్రభ, వెబ్ డెస్క ;  క్రికెట్ అభిమానులు ఎంతోకాలంగా ఎదురు చూస్తున్న అత్యంత భారీ టోర్నీ Indian Premier League 2026 సీజన్‌కు రంగం సిద్ధమైంది. ఈసారి టోర్నీ మరింత ఉత్కంఠభరితంగా, హై వోల్టేజ్‌గా ఉండబోతోందనే అంచనాలు ఇప్పటికే కనిపిస్తున్నాయి. స్టేడియాల్లో హోరాహోరీ పోటీలు, అభిమానుల్లో పీక్ ఎక్సైట్మెంట్—ఈ రెండూ కలిసే ఈ సీజన్ ప్రత్యేకంగా మారబోతోంది.\r\n\r\nమార్చి 28 నుంచి ప్రారంభమయ్యే ఈ టోర్నీకి తొలి మ్యాచ్ నుంచే భారీ అంచనాలు నెలకొన్నాయి. స్టార్ ఆటగాళ్ల మధ్య పోటీ ఈసారి మరింత తీవ్రంగా ఉండబోతోంది. ముఖ్యంగా Virat Kohli ఫామ్, యువ ఆటగాళ్ల దూకుడు, కొత్త టాలెంట్ ప్రవేశం—all కలిసి ఈ సీజన్‌ను సూపర్ హిట్ చేసేలా కనిపిస్తున్నాయి.\r\nఅయితే మరోవైపు అభిమానుల్లో ఒక ఎమోషనల్ ఫీలింగ్ కూడా ఉంది. MS Dhoniకి ఇది చివరి ఐపీఎల్ కావొచ్చనే వార్తలు సోషల్ మీడియాలో భారీ చర్చకు దారి తీస్తున్నాయి. ఇది ఒకవైపు భావోద్వేగం, మరోవైపు ఎక్స్‌సైట్‌మెంట్ కలిగిస్తోంది.\r\n\r\nమ్యాచ్ షెడ్యూల్ కూడా ఈసారి ప్రత్యేకంగా ఉంది. కీలక జట్ల మధ్య ప్రారంభ దశలోనే హై టెన్షన్ మ్యాచ్‌లు ఉండటంతో ఫ్యాన్స్ ఒక్క మ్యాచ్ కూడా మిస్ అవ్వకూడదనుకుంటున్నారు. ప్రతి మ్యాచ్‌లో ట్విస్ట్‌లు, సర్ప్రైజ్ ఫలితాలు వచ్చే అవకాశం ఉండటంతో టోర్నీ మరింత అనిశ్చితంగా మారుతోంది.\r\n\r\nఆటగాళ్ల సన్నాహాలు చూస్తే ఈసారి పోటీ ఎంత కఠినంగా ఉంటుందో అర్థమవుతోంది. నెట్స్‌లో ఇంటెన్స్ ప్రాక్టీస్, ఫిట్‌నెస్‌పై ఫుల్ ఫోకస్, కొత్త స్ట్రాటజీలతో జట్లు రెడీ అవుతున్నాయి. కొన్ని జట్లు గాయాల సమస్యలతో ఆందోళనలో ఉన్నా, వాటిని అధిగమించేందుకు ప్రయత్నిస్తున్నాయి.\r\n\r\nమొత్తానికి IPL 2026 అంటే కేవలం క్రికెట్ టోర్నీ కాదు… ఇది ఒక భారీ ఎంటర్‌టైన్‌మెంట్ ఫెస్టివల్.\r\nస్టార్ పవర్, యువ ప్రతిభ, హై టెన్షన్ ఫినిష్‌లు—all కలిపి ఈసారి సీజన్‌ను అత్యంత థ్రిల్లింగ్‌గా మార్చబోతున్నాయి.", "edited_by": 3, "edited_at": "2026-03-17T07:43:57.530Z"}}, {"model": "news.articleversion", "pk": 42, "fields": {"article": 33, "title": "క్రికెట్ ఫ్యాన్స్‌లో భారీ ఉత్సాహం!", "content": "IPL2026 | ఐపీఎల్ 2026 ప్రారంభం… భారీ అంచనాలు\r\nస్టార్ ప్లేయర్ల పోరు… ఫ్యాన్స్‌లో ఎక్సైట్మెంట్\r\nఎమోషనల్ టచ్… ధోనీపై చర్చలు\r\nహై టెన్షన్ మ్యాచ్‌లు… షెడ్యూల్ స్పెషల్\r\nఆటగాళ్ల సన్నాహాలు… కఠిన పోటీకి రెడీ\r\nIPL2026 | ఆంధ్రప్రభ, వెబ్ డెస్క ;  క్రికెట్ అభిమానులు ఎంతోకాలంగా ఎదురు చూస్తున్న అత్యంత భారీ టోర్నీ Indian Premier League 2026 సీజన్‌కు రంగం సిద్ధమైంది. ఈసారి టోర్నీ మరింత ఉత్కంఠభరితంగా, హై వోల్టేజ్‌గా ఉండబోతోందనే అంచనాలు ఇప్పటికే కనిపిస్తున్నాయి. స్టేడియాల్లో హోరాహోరీ పోటీలు, అభిమానుల్లో పీక్ ఎక్సైట్మెంట్—ఈ రెండూ కలిసే ఈ సీజన్ ప్రత్యేకంగా మారబోతోంది.\r\n\r\nమార్చి 28 నుంచి ప్రారంభమయ్యే ఈ టోర్నీకి తొలి మ్యాచ్ నుంచే భారీ అంచనాలు నెలకొన్నాయి. స్టార్ ఆటగాళ్ల మధ్య పోటీ ఈసారి మరింత తీవ్రంగా ఉండబోతోంది. ముఖ్యంగా Virat Kohli ఫామ్, యువ ఆటగాళ్ల దూకుడు, కొత్త టాలెంట్ ప్రవేశం—all కలిసి ఈ సీజన్‌ను సూపర్ హిట్ చేసేలా కనిపిస్తున్నాయి.\r\nఅయితే మరోవైపు అభిమానుల్లో ఒక ఎమోషనల్ ఫీలింగ్ కూడా ఉంది. MS Dhoniకి ఇది చివరి ఐపీఎల్ కావొచ్చనే వార్తలు సోషల్ మీడియాలో భారీ చర్చకు దారి తీస్తున్నాయి. ఇది ఒకవైపు భావోద్వేగం, మరోవైపు ఎక్స్‌సైట్‌మెంట్ కలిగిస్తోంది.\r\n\r\nమ్యాచ్ షెడ్యూల్ కూడా ఈసారి ప్రత్యేకంగా ఉంది. కీలక జట్ల మధ్య ప్రారంభ దశలోనే హై టెన్షన్ మ్యాచ్‌లు ఉండటంతో ఫ్యాన్స్ ఒక్క మ్యాచ్ కూడా మిస్ అవ్వకూడదనుకుంటున్నారు. ప్రతి మ్యాచ్‌లో ట్విస్ట్‌లు, సర్ప్రైజ్ ఫలితాలు వచ్చే అవకాశం ఉండటంతో టోర్నీ మరింత అనిశ్చితంగా మారుతోంది.\r\n\r\nఆటగాళ్ల సన్నాహాలు చూస్తే ఈసారి పోటీ ఎంత కఠినంగా ఉంటుందో అర్థమవుతోంది. నెట్స్‌లో ఇంటెన్స్ ప్రాక్టీస్, ఫిట్‌నెస్‌పై ఫుల్ ఫోకస్, కొత్త స్ట్రాటజీలతో జట్లు రెడీ అవుతున్నాయి. కొన్ని జట్లు గాయాల సమస్యలతో ఆందోళనలో ఉన్నా, వాటిని అధిగమించేందుకు ప్రయత్నిస్తున్నాయి.\r\n\r\nమొత్తానికి IPL 2026 అంటే కేవలం క్రికెట్ టోర్నీ కాదు… ఇది ఒక భారీ ఎంటర్‌టైన్‌మెంట్ ఫెస్టివల్.\r\nస్టార్ పవర్, యువ ప్రతిభ, హై టెన్షన్ ఫినిష్‌లు—all కలిపి ఈసారి సీజన్‌ను అత్యంత థ్రిల్లింగ్‌గా మార్చబోతున్నాయి.", "edited_by": 11, "edited_at": "2026-03-17T08:36:39.050Z"}}, {"model": "news.articleactivity", "pk": 1, "fields": {"article": 12, "user": 2, "action": "Reporter created the article", "comment": null, "created_at": "2026-03-11T06:08:37.477Z"}}, {"model": "news.articleactivity", "pk": 2, "fields": {"article": 12, "user": 3, "action": "SubEditor edited the article", "comment": null, "created_at": "2026-03-11T06:09:47.553Z"}}, {"model": "news.articleactivity", "pk": 3, "fields": {"article": 12, "user": 3, "action": "SubEditor edited the article", "comment": null, "created_at": "2026-03-11T06:10:04.621Z"}}, {"model": "news.articleactivity", "pk": 4, "fields": {"article": 12, "user": 3, "action": "SubEditor edited the article", "comment": null, "created_at": "2026-03-11T06:10:11.293Z"}}, {"model": "news.articleactivity", "pk": 5, "fields": {"article": 10, "user": 3, "action": "SubEditor edited the article", "comment": null, "created_at": "2026-03-11T06:11:06.597Z"}}, {"model": "news.articleactivity", "pk": 6, "fields": {"article": 12, "user": 4, "action": "Editor approved the article", "comment": null, "created_at": "2026-03-11T06:11:55.363Z"}}, {"model": "news.articleactivity", "pk": 7, "fields": {"article": 13, "user": 2, "action": "Reporter created the article", "comment": null, "created_at": "2026-03-11T06:22:28.980Z"}}, {"model": "news.articleactivity", "pk": 8, "fields": {"article": 13, "user": 3, "action": "SubEditor edited the article", "comment": null, "created_at": "2026-03-11T06:23:02.613Z"}}, {"model": "news.articleactivity", "pk": 9, "fields": {"article": 13, "user": 4, "action": "Editor approved the article", "comment": null, "created_at": "2026-03-11T06:23:31.859Z"}}, {"model": "news.articleactivity", "pk": 10, "fields": {"article": 10, "user": 4, "action": "Editor approved the article", "comment": null, "created_at": "2026-03-11T09:33:03.444Z"}}, {"model": "news.articleactivity", "pk": 11, "fields": {"article": 14, "user": 3, "action": "Subeditor created the article", "comment": null, "created_at": "2026-03-12T07:12:30.291Z"}}, {"model": "news.articleactivity", "pk": 12, "fields": {"article": 14, "user": 3, "action": "SubEditor edited the article", "comment": null, "created_at": "2026-03-12T07:35:26.789Z"}}, {"model": "news.articleactivity", "pk": 13, "fields": {"article": 15, "user": 3, "action": "Subeditor created the article", "comment": null, "created_at": "2026-03-12T07:36:28.844Z"}}, {"model": "news.articleactivity", "pk": 14, "fields": {"article": 15, "user": 3, "action": "SubEditor edited the article", "comment": null, "created_at": "2026-03-12T07:37:51.914Z"}}, {"model": "news.articleactivity", "pk": 15, "fields": {"article": 15, "user": 3, "action": "SubEditor edited the article", "comment": null, "created_at": "2026-03-12T07:44:41.172Z"}}, {"model": "news.articleactivity", "pk": 16, "fields": {"article": 16, "user": 3, "action": "Subeditor created the article", "comment": null, "created_at": "2026-03-12T07:48:55.905Z"}}, {"model": "news.articleactivity", "pk": 17, "fields": {"article": 16, "user": 3, "action": "SubEditor edited the article", "comment": null, "created_at": "2026-03-12T07:50:25.035Z"}}, {"model": "news.articleactivity", "pk": 18, "fields": {"article": 16, "user": 3, "action": "SubEditor edited the article", "comment": null, "created_at": "2026-03-12T08:03:47.510Z"}}, {"model": "news.articleactivity", "pk": 19, "fields": {"article": 17, "user": 2, "action": "Reporter created the article", "comment": null, "created_at": "2026-03-12T08:13:27.076Z"}}, {"model": "news.articleactivity", "pk": 20, "fields": {"article": 18, "user": 2, "action": "Reporter created the article", "comment": null, "created_at": "2026-03-12T08:19:35.578Z"}}, {"model": "news.articleactivity", "pk": 21, "fields": {"article": 16, "user": 4, "action": "Editor approved the article", "comment": null, "created_at": "2026-03-12T08:22:27.494Z"}}, {"model": "news.articleactivity", "pk": 22, "fields": {"article": 19, "user": 2, "action": "Reporter created the article", "comment": null, "created_at": "2026-03-12T10:44:12.804Z"}}, {"model": "news.articleactivity", "pk": 23, "fields": {"article": 19, "user": 3, "action": "SubEditor edited article", "comment": null, "created_at": "2026-03-12T10:48:31.666Z"}}, {"model": "news.articleactivity", "pk": 24, "fields": {"article": 19, "user": 4, "action": "Editor approved article", "comment": null, "created_at": "2026-03-12T10:49:19.262Z"}}, {"model": "news.articleactivity", "pk": 25, "fields": {"article": 20, "user": 2, "action": "Reporter created the article", "comment": null, "created_at": "2026-03-13T07:50:47.497Z"}}, {"model": "news.articleactivity", "pk": 26, "fields": {"article": 20, "user": 3, "action": "SubEditor edited article", "comment": null, "created_at": "2026-03-13T07:51:17.734Z"}}, {"model": "news.articleactivity", "pk": 27, "fields": {"article": 20, "user": 4, "action": "Editor approved article", "comment": null, "created_at": "2026-03-13T07:51:33.384Z"}}, {"model": "news.articleactivity", "pk": 28, "fields": {"article": 21, "user": 4, "action": "Editor created the article", "comment": null, "created_at": "2026-03-13T09:53:00.077Z"}}, {"model": "news.articleactivity", "pk": 29, "fields": {"article": 22, "user": 2, "action": "Reporter created the article", "comment": null, "created_at": "2026-03-13T09:54:52.175Z"}}, {"model": "news.articleactivity", "pk": 30, "fields": {"article": 22, "user": 3, "action": "SubEditor edited article", "comment": null, "created_at": "2026-03-13T10:03:13.033Z"}}, {"model": "news.articleactivity", "pk": 31, "fields": {"article": 23, "user": 4, "action": "Story received from another edition (Telangana Main)", "comment": null, "created_at": "2026-03-13T10:17:46.587Z"}}, {"model": "news.articleactivity", "pk": 32, "fields": {"article": 24, "user": 4, "action": "Story received from another edition (Telangana Main)", "comment": null, "created_at": "2026-03-13T10:18:20.007Z"}}, {"model": "news.articleactivity", "pk": 33, "fields": {"article": 25, "user": 4, "action": "Story received from another edition (Telangana Main)", "comment": null, "created_at": "2026-03-13T10:54:54.143Z"}}, {"model": "news.articleactivity", "pk": 34, "fields": {"article": 26, "user": 4, "action": "Editor created the article", "comment": null, "created_at": "2026-03-14T20:24:34.613Z"}}, {"model": "news.articleactivity", "pk": 35, "fields": {"article": 27, "user": 3, "action": "Subeditor created the article", "comment": null, "created_at": "2026-03-14T20:32:14.000Z"}}, {"model": "news.articleactivity", "pk": 36, "fields": {"article": 27, "user": 4, "action": "Editor approved article", "comment": null, "created_at": "2026-03-14T20:53:02.441Z"}}, {"model": "news.articleactivity", "pk": 37, "fields": {"article": 28, "user": 4, "action": "Editor created the article", "comment": null, "created_at": "2026-03-14T20:55:05.856Z"}}, {"model": "news.articleactivity", "pk": 38, "fields": {"article": 29, "user": 2, "action": "Reporter created the article", "comment": null, "created_at": "2026-03-14T20:56:55.208Z"}}, {"model": "news.articleactivity", "pk": 39, "fields": {"article": 29, "user": 3, "action": "SubEditor edited article", "comment": null, "created_at": "2026-03-14T20:57:38.020Z"}}, {"model": "news.articleactivity", "pk": 40, "fields": {"article": 29, "user": 4, "action": "Editor sent article back", "comment": "Edit properly and send", "created_at": "2026-03-14T21:12:14.132Z"}}, {"model": "news.articleactivity", "pk": 41, "fields": {"article": 30, "user": 4, "action": "Editor created the article", "comment": null, "created_at": "2026-03-14T21:30:44.506Z"}}, {"model": "news.articleactivity", "pk": 42, "fields": {"article": 30, "user": 4, "action": "Editor sent article back", "comment": "check for updates", "created_at": "2026-03-14T21:31:24.962Z"}}, {"model": "news.articleactivity", "pk": 43, "fields": {"article": 30, "user": 3, "action": "SubEditor edited article", "comment": null, "created_at": "2026-03-14T21:32:14.263Z"}}, {"model": "news.articleactivity", "pk": 44, "fields": {"article": 30, "user": 4, "action": "Editor approved article", "comment": null, "created_at": "2026-03-14T21:32:30.461Z"}}, {"model": "news.articleactivity", "pk": 45, "fields": {"article": 31, "user": 2, "action": "Reporter created the article", "comment": null, "created_at": "2026-03-17T06:12:53.439Z"}}, {"model": "news.articleactivity", "pk": 46, "fields": {"article": 31, "user": 3, "action": "SubEditor edited article", "comment": null, "created_at": "2026-03-17T06:14:05.911Z"}}, {"model": "news.articleactivity", "pk": 47, "fields": {"article": 31, "user": 4, "action": "Editor sent article back", "comment": "edit properly", "created_at": "2026-03-17T06:14:53.887Z"}}, {"model": "news.articleactivity", "pk": 48, "fields": {"article": 31, "user": 3, "action": "SubEditor edited article", "comment": null, "created_at": "2026-03-17T06:15:21.613Z"}}, {"model": "news.articleactivity", "pk": 49, "fields": {"article": 32, "user": 4, "action": "Story received from another edition (Telangana Main)", "comment": null, "created_at": "2026-03-17T06:16:29.436Z"}}, {"model": "news.articleactivity", "pk": 50, "fields": {"article": 33, "user": 2, "action": "Reporter created the article", "comment": null, "created_at": "2026-03-17T07:39:50.057Z"}}, {"model": "news.articleactivity", "pk": 51, "fields": {"article": 34, "user": 2, "action": "Reporter created the article", "comment": null, "created_at": "2026-03-17T07:41:26.505Z"}}, {"model": "news.articleactivity", "pk": 52, "fields": {"article": 35, "user": 2, "action": "Reporter created the article", "comment": null, "created_at": "2026-03-17T07:43:07.894Z"}}, {"model": "news.articleactivity", "pk": 53, "fields": {"article": 33, "user": 3, "action": "SubEditor edited article", "comment": null, "created_at": "2026-03-17T07:43:57.549Z"}}, {"model": "news.articleactivity", "pk": 54, "fields": {"article": 33, "user": 11, "action": "Editor approved article", "comment": null, "created_at": "2026-03-17T08:36:39.067Z"}}, {"model": "news.articleactivity", "pk": 55, "fields": {"article": 36, "user": 2, "action": "Reporter created the article", "comment": null, "created_at": "2026-03-17T09:11:24.086Z"}}, {"model": "news.articleactivity", "pk": 56, "fields": {"article": 37, "user": 2, "action": "Reporter created the article", "comment": null, "created_at": "2026-03-17T09:37:05.006Z"}}, {"model": "news.articleactivity", "pk": 57, "fields": {"article": 38, "user": 2, "action": "Reporter created the article", "comment": null, "created_at": "2026-03-17T09:57:55.814Z"}}, {"model": "news.articleactivity", "pk": 58, "fields": {"article": 39, "user": 2, "action": "Reporter created the article", "comment": null, "created_at": "2026-03-17T10:35:17.684Z"}}, {"model": "news.articleactivity", "pk": 59, "fields": {"article": 40, "user": 2, "action": "Reporter created the article", "comment": null, "created_at": "2026-03-17T10:46:43.206Z"}}, {"model": "news.articleactivity", "pk": 60, "fields": {"article": 41, "user": 2, "action": "Reporter created the article", "comment": null, "created_at": "2026-03-17T10:51:01.160Z"}}, {"model": "news.articleactivity", "pk": 61, "fields": {"article": 42, "user": 2, "action": "Reporter created the article", "comment": null, "created_at": "2026-03-17T10:56:30.395Z"}}, {"model": "news.pagelayout", "pk": 21, "fields": {"page_number": 1, "slot_number": 1, "article": 20, "layout_date": "2026-03-13", "created_at": "2026-03-13T09:14:05.464Z"}}, {"model": "workflow.workflowlog", "pk": 1, "fields": {"article": 1, "previous_status": "submitted", "new_status": "subeditor_review", "changed_by": 3, "remarks": "Corrected Spelling", "changed_at": "2026-03-09T09:21:08.784Z"}}]
